{"published": "2015-09-29T20:56:20Z", "media-type": "News", "title": "Disappointed Serena Williams may not play again in 2015, says coach | Sport", "id": "48b010cf-620a-4236-8c71-fff2cae4d9a1", "content": "Everyone expected Serena Williams to win this year\u2019s US Open. She didn\u2019t. She lost to Roberta Vinci in the semi-finals[1], and missed the chance to become only the fourth woman in history to complete a calendar slam. And now her coach has said the world No 1 may not play again this year, so disappointed is she with her loss at Flushing Meadows. Related: Serena Williams\u2019s grand slam dream ended by Roberta Vinci\u2019s shock win[2] Patrick Mouratoglou, who has coached Williams since 2012, questioned... \n Read the full article", "source": "DailyMe.Com"}