{"published": "2015-09-08T17:42:08Z", "media-type": "News", "title": "How to appeal to multiple audiences on LinkedIn", "id": "d8dd6ebc-9caf-4bd4-ab6f-6e8b860b4673", "content": "As you were browsing http://www.bizjournals.com something about your browser made us think you were a bot. There are a few reasons this might happen:\r \n You're a power user moving through this website with super-human speed. \r You've disabled JavaScript in your web browser. \r A third-party browser plugin, such as Ghostery or  NoScript, is preventing JavaScript from running. Additional information is available in this support article . \r \n\r\n          To request an unblock, please fill out the form below and we will review it as soon as possible.", "source": "San Antonio Business Journal"}