{"published": "2015-09-09T07:03:24Z", "media-type": "Blog", "title": "Xara Designer Pro X11 v11.2.3.40788 (x86/x64)", "id": "51359243-520e-4bf3-92ca-769d320432a8", "content": "Xara Designer Pro X11 v11.2.3.40788 (x86/x64) | 116.94 MB | 140.15 MB\n\nXara Designer Pro X11 Quite simply the world's fastest graphics software. Powerful illustration tools, innovative photo editing, flexible page layout and unrivalled WYSIWYG web design. A single application for all your creative work.", "source": "Program indir | G\u00fcncel programlar | iNDiRDOWN | Oyun indir | Rapidshare premium | Driver | Portable "}