{"published": "2015-09-25T01:03:40Z", "media-type": "News", "title": "RECIPE: Italian Comfort Food", "id": "d9790126-9283-4d83-8547-e20451f8bb5a", "content": "PHOENIX - Times Square is a paid advertiser of Sonoran Living Live \n\nLinguini Bianco \n1 oz Garlic & Olive Oil \n2 oz White Wine \n4 oz Baby Chopped Clams \n1 tbsp. Unsalted Butter \nSalt & Pepper \nItalian Seasoning \n8 oz of Linguini \nGarnish with Fresh Chopped Italian Parsley \n\u00a0 \nTo celebrate our 10 year anniversary, we are accepting donations to the Jarod Allen's Homes for the Wounded Warriors Foundation. We are also doing a $10 one item take-out pizza for the month of September. \n\u00a0 \nTimes Square Italian Restaurant has two Valley locations: \n \n2602 W Deer Valley Road \nPhoenix, AZ 85024 \n623-582-8872 \n\n718 E Union Hills Drive \nPhoenix, AZ 85024 \n623-582-1070 \nwww.timessqaureaz.com  \n\u00a0 \nTimes Square is a paid advertiser of Sonoran Living Live", "source": "ABC15.com"}