{"published": "2015-09-25T08:30:00Z", "media-type": "News", "title": "Jamal Fyfield determined to keep his place in Wrexham AFC line-up", "id": "2dad83d4-9f51-48d0-9037-9485a53a81df", "content": "CENTRE-BACK Jamal Fyfield is determined to keep his place in the Wrexham side. \n \n\r\n\tWrexham have kept clean sheets in their last two outings, with the Reds drawing 0-0 against Grimsby Town in midweek after beating 1-0 at Boreham Wood on Saturday. \n \n\r\n\tIn the absence of injured full-back Javan Vidal, Blaine Hudson has been recalled at centre-back alongside Fyfield with Manny Smith switching to the right of defence. \n \n\r\n\tHudson has performed well in the last four games and with plenty of defensive options available to manager Gary Mills, Fyfield, a solid performer himself this season, is not resting on his laurels. \n \n\r\n\t\"It just goes to show the strength of the squad,\" said Fyfield. \"Hudson had to be patient and wait for his chance but he has come in and kept two clean sheets, set-up up a goal and scored one as well. \n \n\r\n\t\"The competition for places is great for the team but we are always pushing each other as we are team-mates. \n \n\r\n\t\"On a personal note, overall in the 11 games I have played I have been happy with my form. \n \n\r\n\t\"There are always ways I can improve and I will sit down with the gaffer to see where I can be better.\" \n \n\r\n\tVidal returned to training yesterday and is in contention for a return against Eastleigh. \n \n\r\n\t\u201cIf he comes through, he will be available for selection,\u201d said Mills. \u201cI think the most important thing as a back four is a clean sheet. \n \n\r\n\t\u201cWe have had two clean sheets, I think every one of my back four along with the goalkeeper have been excellent the last couple of games so it does pose something for me but that is a good thing to have.\u201d", "source": "NewsNorthWales.co.uk"}