{"published": "2015-09-10T15:04:42Z", "media-type": "Blog", "title": "Watch Kendrick Lamar Perform a To Pimp a Butterfly Medley on Colbert", "id": "74e61962-6775-4885-adbc-ab0f82771d5a", "content": "Like Tweet Kendrick Lamar, who closed out Comedy Central\u2019s The Colbert Report, is fittingly one of Stephen Colbert\u2019s first ever musical guests as he takes the seat on his new talk show, Colbert. Here Lamar performs a medley of a few choice cuts from his excellent To Pimp a Butterfly album, which dropped earlier this year. (For many, this is still the best rap album of 2015.) He does \u201cWesley\u2019s Theory\u201d, \u201cMomma\u201d, \u201cKing Kunta\u201d and \u201cu\u201d. Check out the full performance from Kendrick Lamar and his backing band after the jump.", "source": "iHipHop"}