{"published": "2015-09-02T13:00:00Z", "media-type": "News", "title": "THE HILL Hits Record Traffic Numbers", "id": "a4fb9f0d-d1c9-4d13-9a34-82289ea38f7b", "content": "In addition to the record-setting monthly numbers, The Hill has also seen significant growth in its policy verticals. This year alone, policy verticals for Cybersecurity and National Security were added and more are in development.\n\nAlso, according to multi-platform comScore July numbers, which are the latest available, The Hill's annual increase of 103% is more than any of its competitors with Politico showing a 40% increase, and National Journal and Roll Call both declining 23% from the previous July. \n\nThe Hill is up in all areas including direct traffic, search, and social traffic. Social traffic has risen 434% since January of this year. According to data from CrowdTangle, a Facebook partner, The Hill's Facebook engagement in August measured by Likes, Comments and Shares was a total of 6.1mm. This is 723% greater than Politico, National Journal, Roll Call, and Bloomberg Politics put together.\n\n\"Our coverage is rooted in the idea that serious political news keeps people interacting and engaged,\" said Bob Cusack \n\n\"The Hill gives people in-depth and exclusive political coverage they're not finding anywhere else, which is why they share our stories, discuss them, debate them and come back for more,\" said Adam Prather \n\nContact: Amanda Hebert \n\nTo view the original version on PR Newswire, visit:http://www.prnewswire.com/news-releases/the-hill-hits-record-traffic-numbers-300136815.html", "source": "Wall Street Select"}