{"published": "2015-09-06T13:55:19Z", "media-type": "Blog", "title": "Amber Rose fires back at Tyga for dissing Blac Chyna over Ferrari (PHOTO)", "id": "776ebf5e-0d7e-485f-9fe0-c6f996742d25", "content": "Amber Rose has fired back at Tyga who slammed Blac Chyna for not owning a Ferrari. It all started after Chyna threw shade at Tyga for allegedly leasing the Ferrari he gave Kylie Jenner. Tyga hit back at her with \"where your ferrari though \"?\nTalk about friends sticking for each other..In other news, Amber's car is sick! Lovely colour.", "source": "All In One Place: Omoba's Blog"}