{"published": "2015-09-02T02:31:13Z", "media-type": "News", "title": "Atlantic Tonight - September 01, 2015", "id": "65f5688a-b025-4d44-a737-1434dde39957", "content": "A comprehensive round-up of the day's news from throughout Nova Scotia, New Brunswick, Prince Edward Island and Newfoundland and Labrador. \n\nStay Connected with CBC News \n\nLatest Nova Scotia News Headlines \n\n'Disappointing' number of Canadian travellers took Nova Star    read  comments \n\nFirst Nations bands risk losing funding over late audits    read  comments \n\nDartmouth High School teacher named top 3 in Canada    read  comments \n\nDal student planned a shooting massacre, court documents allege", "source": "CBC"}