{"published": "2015-09-09T17:33:00Z", "media-type": "News", "title": "Localeur Debuts in Boston & Philadelphia", "id": "5253f051-f00f-43ca-873c-3ab1ac251715", "content": "AUSTIN, Texas , Sept. 9, 2015 /PRNewswire/ --\u00a0On the heels of more than a 1,000-percent growth in its user base since last December, Localeur announced\u00a0today\u00a0the additions of Boston and Philadelphia to its community of locals. These new city launches bring the total number of cities on the platform to 18 within the United States , with plans to continue expanding in 2015. \n\n\" Boston and Philadelphia are two of the most historic and frequently visited cities in America, but there's so much about these cities that gets missed by travel guidebooks and review sites,\" said Localeur co-founder and CEO Joah Spearman . \"Launching Localeur in these cities turns over a new leaf in local discovery to help travelers have more authentic experiences while also helping local businesses that can't compete with the chains listed on most review sites.\" \n   \nBeginning today, users can visit Localeur.com or download Localeur's native iOS or Android apps and access recommendations for both Boston and Philadelphia \u2013 ranging from \"How to Spend a Day in Boston's Fenway Neighborhood\" to \" Philadelphia's Buzzworthy Coffee Shops.\" The community of locals on Localeur will continue to add recommendations for each of these cities to span multiple categories and neighborhoods in the metro areas. \n\nLocaleur, which initially launched in Austin at SXSW 2013, was named the year's best new startup by\u00a0 Austin Monthly \u00a0later that year, and more recently has been named one of the top travel apps of 2015 by The Today Show ,\u00a0 Forbes, TIME, The New York Times , Men's Journal , MTV, and others. \n\nLocaleur has now built a community of Millennial locals ranging from DJs and photographers to food bloggers and musicians in 18 major U.S. cities (listed in order of launch): Austin , Houston , San Francisco , New York City , Los Angeles , Dallas , Atlanta , Chicago , Denver , Miami , Seattle, Washington D.C., New Orleans , and Portland, Ore. Localeur anticipates expansion to many more major U.S. cities and travel destinations in 2015, and says international expansion is on the horizon as well. \n\nTo date, Localeur has raised $1.5 million from angel investors including Heather Brunner , CEO of WP Engine; Mike Murphy , former chief revenue officer for Facebook; Brett Hurt , founder of Bazaarvoice; and Steve Pamon , head of sports and entertainment marketing for JPMorganChase. \n\nTo view the original version on PR Newswire, visit: http://www.prnewswire.com/news-releases/localeur-debuts-in-boston--philadelphia-300140145.html \n\nSOURCE  Localeur", "source": "CEOWorld Magazine"}