{"published": "2015-09-10T20:34:39Z", "media-type": "News", "title": "Kool Smiles 'Smile On' Campaign Announced As Finalist for Top National Public Relations Award", "id": "d43e86fe-d4ac-42a0-8092-75f883040463", "content": "SOURCE Kool Smiles \n\nNational Children's Dental Provider Recognized Alongside Top National Companies for Community Outreach, Education and Giving Efforts\n\nATLANTA \n\nKool Smiles' \n\n\"Our Kool Smiles dentists and staff are deeply committed to ensuring every U.S. child has access to dental care and dental health education, which is why we invest significant time and resources in our ongoing community outreach programs,\" said Kool Smiles Managing Dental Director D Ray Gifford. \"It's an honor to be recognized nationally for our continued work to ensure every child has a dental home.\" \n\nIn a news release, PR News said the finalists of the Platinum PR Awards \"set industry standards for excellence across all areas of PR. Finalists are from corporations, agencies and nonprofits-both large and small-that took chances, made tremendous strides in their communications efforts and understand the power of public relations.\"\n\nThe PR Platinum Awards is a national industry program that honors top communications initiatives in more than 40 categories. The winners will be announced at its benchmark-setting Platinum and Agency Elite Awards Luncheon on October 26, 2015 \n\nSee the complete list of this year's Platinum PR Awards finalists here: http://www.platinumprawards.com.\n\nAbout Kool Smiles\n\nKool Smiles \n\nLogo - http://photos.prnewswire.com/prnh/20130731/DC56507LOGO \n\nTo view the original version on PR Newswire, visit:http://www.prnewswire.com/news-releases/kool-smiles-smile-on-campaign-announced-as-finalist-for-top-national-public-relations-award-300141190.html\n\n\u00a92015 PR Newswire. All Rights Reserved.", "source": "KRHD TV"}