{"published": "2015-09-14T03:09:53Z", "media-type": "Blog", "title": "The KC5FM Daily #ARRL #hamradio is out! http://bit.ly/1Kh7Dpz Stories via @jwhitfield_71 @emweeklyrpt @MDeyerin", "id": "61689705-e0e7-4957-99fe-f54dc3b5b099", "content": "The KC5FM Daily #ARRL #hamradio\n\nThe KC5FM Daily #ARRL #hamradio, by KC5FM: Offering Social Media in Amateur Radio\n\nMore info @ http://bit.ly/1Kh7Dpz\n\nAutomated post from Lloyd Colston - http://on.fb.me/OD0uGR\n\nSeptember 13, 2015 at 10:07PM", "source": "de KC5FM K"}