{"published": "2015-09-16T01:41:00Z", "media-type": "News", "title": "Himpun 16: Buses ferry protesters to city centre", "id": "eec32b00-38b8-47ba-bff1-d4eb92437c4e", "content": "KUALA LUMPUR: An invasion of buses occurred in the city early -\u00a0 to ferry Red Shirt protesters. They were seen parked at places including Jalan Duta and Hang Tuah Bus stations. \n \nOver two dozen busses were spotted around 8am at Jalan Sultan Haji Ahmad Shah, just off Jalan Duta, acting as a meeting point for the protesters.\r \n \nThe Government Complex area which hosts the Exam Board, Internal Revenue offices and KL Courthouse is usually quiet on holidays. But today it bustling with people and vendors selling food and drinks.\r \n \nIn addition to the buses at Hang Tuah station, more were seen parked at Jalan Hang Jebat, near Stadium Negara.", "source": "TheStar.com.my"}