{"published": "2015-09-02T11:08:27Z", "media-type": "News", "title": "This year's Bridwater Flower Show: 'A real community event.'", "id": "626aa9d4-6edb-4604-9689-60eff5d96466", "content": "THE people of Bridgwater enjoyed a weekend of horticulture with the town\u2019s annual flower show. \n \nThe event began on Friday August 28 and was opened by Cllr Leigh Redman, who was joined by Westover Councillor Kathy Pearce. \n \nThis year\u2019s show saw around 600 entries, which included a range of vegetables, flowers, crafts, art, photos, cakes, jams and wine. \n \n \n \n BEACH SCENE: Maisey Blake won first prize and Best In Section  \n \nAfter the show people also had the opportunity to sell their exhibits to raise funds for future flower shows. \n \nRefreshments were available in the Charter town hall, with freshly made rolls with salad plus teas and a range of delicious home made cakes. \n   \n Share article  \n   \nCllr Kathy Pearce said: \u201cIt\u2019s great that so many people have taken part and, has become the norm, the quality of exhibits is exceedingly high. \n \n\u201cThis is a real community event.\u201d", "source": "Somerset County Gazette"}