{"published": "2015-09-29T11:25:57Z", "media-type": "News", "title": "Football: AFC Wimbledon defender out for the rest of the season", "id": "5032b218-81fe-40c5-befd-5adcb1b2f305", "content": "AFC Wimbledon defender Will Nightingale will be out of action for up to seven months after a scan revealed his knee injury was worse than first\u2026 \r \nLong road to recovery: Will Nightingale looks likely to be out of action for up to eight months \n\nAFC Wimbledon defender Will Nightingale will be out of action for up to seven months after a scan revealed his knee injury was worse than first believed. \n\nBoss Neal Ardley was hoping the 20-year-old academy product would be out for no more than two months. \n\nHowever, Ardley admitted today that the results of the scan have probably ended Nightingale\u2019s season. \n\nHe told the club\u2019s website: \u201cWill went in for surgery on Thursday evening and when the surgeon took a look at him the knee injury seemed to be a lot worse than the MRI scan had originally shown. \n\n\u201cWe initially thought we had a couple of options and the one we were looking to take would have kept him out for\u2026", "source": "MyInforms"}