{"published": "2015-09-30T15:55:00Z", "media-type": "Blog", "title": "Concerns Over Non-Arrival Of Ministerial List As Buhari Appoints Self As Petroleum Minister", "id": "63637c6d-cf33-43b0-ad67-5ffae140cf15", "content": "The Senate Spokesperson, Senator Dino Melaye, has on Wednesday disclosed that the senate is yet to receive President Muhammadu Buhari\u2019s ministerial list as deadline looms. \n \n\u201cWe are still waiting for the ministerial list from the President. I want to advise that there is no need for agitation because September expires by midnight and the office of the Senate President is open, \u201c Melaye said. \n \nMeanwhile, reports from New York, where Buhari has been attending the UN General Assembly, quoted the president as saying he would be minister of petroleum resources, with a junior minister taking charge of day-to-day affairs in the sector. \n \n\u201cConfirmed. He said so,\u201d his spokesman Femi Adesina told AFP in a text message, without giving further details. \n \nBuhari\u2019s caution in appointing ministers has seen him nicknamed \u201cBaba Go Slow\u201d in Nigeria, but he has promised to name his cabinet by Wednesday, Sept 30, 2015. \n \nThe post Concerns Over Non-Arrival Of Ministerial List As Buhari Appoints Self As Petroleum Minister appeared first on 360Nobs.com .", "source": "360Nobs.com"}