{"published": "2015-09-01T17:36:03Z", "media-type": "Blog", "title": "4Minute Selected As Official Ambassadors For \u2018Maze Runner: The Scorch Trials\u2019", "id": "77a706f8-8aca-4556-82ef-313ae987cc0b", "content": "Fans of 4minute and The Maze Runner series, here\u2019s\u00a0some great news for you \u2013 the quartet\u00a0has been chosen as the official ambassadors for the series\u2019 upcoming sequel,\u00a0 Maze Runner: The Scorch Trials , for the film\u2019s promotion in South Korea! \n \nLee Ki Hong (L) & Thomas Brodie-Sangster in South Korea to promote\u00a0 The Scorch Trials \nImage source: Ki Hong\u2019s Instagram \n \n4Minute will participate in various events to promote the movie, including attending the film\u2019s red carpet event at COEX Megabox in Seoul on September 2. Stars of the film, Thomas Brodie-Sangster ( Newt ) and Lee Ki Hong ( Minho ) will make an appearance on Wednesday\u2019s event as well. \n \nMaze Runner: The Scorch Trials is set to be released on September 18 in the United States. Based on the popular The Maze Runner trilogy of books written by James Dashner , the series feature a group of youths, who are thrown into a giant survival game against a mysterious organization known as the \u2018W.C.K.D\u2019. \n \n\n \n\n \n\u00a0 \n \n(Editing by Adrian Cheng) \n \nThe post 4Minute Selected As Official Ambassadors For \u2018Maze Runner: The Scorch Trials\u2019 appeared first on hellokpop .", "source": "hellokpop"}