{"published": "2015-09-15T16:03:09Z", "media-type": "News", "title": "MSM - Cancellation Notice", "id": "527135aa-7418-40a6-a34d-aa6434335b3c", "content": "RNS Number : 1035Z \n \nIrish Stock Exchange \n \n15 September 2015 \n  \nREPORT OF THE BOARD OF THE IRISH \n \nSTOCK EXCHANGE \n \n\u00a0 \n \n\u00a0 \n \n\u00a0 \n \nCANCELLATION NOTICE \n \n\u00a0 \n \n\u00a0 \n \nIrish Stock Exchange \n \n28 Anglesea Street \n \nDublin 2 \n \n\u00a0 \n \n\u00a0 \n \n15th September 2015 \n \n\u00a0 \n \nListing and trading of the under mentioned security has been cancelled with effect from 15th September 2015. \n \n\u00a0 \n \n\u00a0 \n \nPYLON II CAPITAL LIMITED \n \n\u00a0 \n \nEUR 85000000\u00a0 Class B Principal At-Risk Variable Rate Notes due 2016 XS0657526207 \n \nEUR 65000000\u00a0 Class A Principal At-Risk Variable Rate Notes due 2016 XS0657525902 \n \n\u00a0 \n \nDebt Security \n \n\u00a0 \n \nThis announcement has been issued through the Companies Announcement Service of \n \nthe Irish Stock Exchange. \n  \n\nThis information is provided by RNS \n\nThe company news service from the London Stock Exchange \nENDISEBELFFEKFEBBB", "source": "TrustNet"}