{"published": "2015-09-25T10:08:44Z", "media-type": "News", "title": "Gunmen attack Saudi police checkpoints, killing 3", "id": "7a5a90e6-468c-43b4-8fc3-4dfd28028bce", "content": "RIYADH, Saudi Arabia \u2013 \u00a0 Authorities in Saudi Arabia say gunmen have opened fire at two police checkpoints in a northern province, killing at least three people. \n \nThe state-run Saudi Press Agency quoted an unnamed police official in Hail province as saying the shootings happened Thursday at two separate police posts. The official identified the dead as two civilians and one soldier. \n \nThe official said an investigation has been launched. \n \nNo one immediately claimed responsibility for the attacks. However, Saudi Arabia has seen a series of recent assaults claimed by affiliates of the extremist Islamic State group. The kingdom is taking part in a U.S.-led coalition targeting the militants in Syria and Iraq.", "source": "FOXNews.com"}