{"published": "2015-09-02T02:46:02Z", "media-type": "News", "title": "Centre sanctions 10 crore rupees for setting up a hotel management institute at Sawai Madhopur in Rajasthan", "id": "cf877e70-ba3b-4578-b15f-7c270b091284", "content": "\u00a0(7 minutes ago)  \n\nCentre has sanctioned 10 crore rupees for setting up a hotel management institute at Sawai Madhopur in Rajasthan .State government has allotted 1-hectare land near the Shilpgram in Sawai Madhopur for the purpose. \u00bb View on web \n\nYou Might Like  \nOther recent news in India  \nComments  \nTwitter", "source": "NewsR.in"}