{"published": "2015-09-20T11:49:16Z", "media-type": "News", "title": "Persons Real And Fictional Puzzle Over Ronald Reagan In 'Finale'", "id": "0f8a35a2-65ab-4a7d-921f-f05cd433923c", "content": "NPR's Linda Wertheimer interviews Thomas Mallon about his new work of historical fiction.  No crowns or bodices here: The book is called Finale: A Novel of the Reagan\u2026 \r \nNPR's Linda Wertheimer interviews Thomas Mallon about his new work of historical fiction. No crowns or bodices here", "source": "MyInforms"}