{"published": "2015-09-02T03:01:34Z", "media-type": "Blog", "title": "The President's Day In Alaska", "id": "2f29c4b0-19b2-491b-a005-ab70cd67a40b", "content": "Markers throughout Exit Glacier show how much it\u2019s receded over time. The impacts of climate change are real, and the people of Alaska are living with them every day. It\u2019s never been more important for us to work together to address this challenge. -bo President Barack Obama pauses to view the Exit Glacier in Seward, Alaska, which according to National Park Service research, has retreated approximately 1.25 miles over the past 200 years **** **** **** President Barack Obama makes a selection at the Sweet Darlings ice cream shop **** **** **** President Barack Obama takes a boat tour to see the effects of climate change at the Kenai Fjords National Park", "source": "The Obama Diary"}