{"published": "2015-09-10T18:47:01Z", "media-type": "Blog", "title": "Beep: Ringtones Only Teens Can Hear", "id": "77c0b510-039f-4cf6-b9da-eedbc995c774", "content": "National        \n        \n\n\nBeep is a communication app that only young people can use. It uses a high frequency tone of 14 800hz, unhearable by adults, to enable youngsters to communicate to each other in classrooms, libraries, dinner tables \u2014 everywhere they want to get the attention of friends without letting adults know. Download it free.", "source": "The Denver Egotist RSS Feed"}