{"published": "2015-09-30T15:25:00Z", "media-type": "News", "title": "Mart\u00edn C\u00e1ceres suspended by Juventus for alleged drink-driving incident", "id": "34009add-5134-483a-93c2-a27a2d07e37a", "content": "\u2022 Uruguayan crashed Ferrari into parked cars and a bus shelter \u2022 Defender to miss Champions League tie with former club SevillaThe Juventus defender Mart\u00edn C\u00e1ceres will miss the Champions League encounter with his former club Sevilla after he was suspended and fined for his involvement in an alleged drink-driving incident.According to a report by the Italian news agency Ansa, the Uruguayan was over the alcohol limit when his Ferrari crashed into parked cars and a bus shelter in Turin. Continue reading...", "source": "NewsOnFeeds.com"}