{"published": "2015-09-15T04:00:00Z", "media-type": "Blog", "title": "Correction to the Next Dallas Fed President at a Glance on Aug. 17", "id": "218f27a6-880a-4722-bbb5-cd45a0e82395", "content": "Advertisement September 15, 2015 Mr. Kaplan is founding board chair of the TEAK Fellowship. \"Who Is Robert Steven Kaplan? The Next Dallas Fed President at a Glance,\" published at 4:48 p.m. EDT Aug. 17, incorrectly stated he is founder and co-chairman of the TEAK Fellowship in the sixth paragraph. (Sept. 14) (END) Dow Jones Newswires September 14, 2015 18:33 ET (22:33 GMT) Copyright (c) 2015 Dow Jones & Company, Inc. Facebook Twitter Google Plus LinkedIn Mail", "source": "Global Finance Magazine | Recent Articles"}