{"published": "2015-09-21T13:08:59Z", "media-type": "News", "title": "Will Americans love Cuba's eco-treasures to death?", "id": "cc2046f4-c542-4940-a720-7a23619ed9f7", "content": "13:08 GMT \n \nKevin Spear, ORLANDO SENTINEL\n                      Posted:\n                      Sunday, September 20, 2015, 3:01 AM\n                      HAVANA, Cuba - At a recent international conference on environmental protection, a Cuban official stressed that her nation's treasures would not be polluted, bulldozed, or otherwise sacrificed by invading American tourists. \"No, no, no,\" she said in English, smiling. \"Sometimes, we lack  \u2026\n                      ( continue reading )", "source": "EIN News"}