{"published": "2015-09-16T22:52:37Z", "media-type": "News", "title": "Frankfurt Airport Wins \u201cGermany\u2019s Best Airport in 2015\u201d Quality Award", "id": "c51b1022-4484-4d26-9a51-3ff110e3e231", "content": "Quite a distinction for Frankfurt Airport: The Deutsches Kundeninstitut (DKI) and the renowned German business magazine Wirtschaftswoche have singled Frankfurt Airport (FRA) out as \u201cGermany\u2019s Best Airport in 2015\u201d. FRA received top ratings in every category, earning an overall score of \u201cvery good\u201d. According to the study, FRA provides the best service, is the most enjoyable airport to spend time in, and also leads all other German airports in terms of flights and destinations offered. DKI also recommends FRA as the best airport for business travelers. \n \nGermany\u2019s 10 largest airports were considered. The testers assessed more than 3,000 questionnaires completed by passengers, in addition to analyzing flight schedules and connections to different cities. Mystery shoppers also checked out the retail offerings and services available at the airport. \n \nThe accolade as \u201cGermany\u2019s Best Airport in 2015\u201d impressively confirms the success of Fraport\u2019s \u201cGreat to have you here!\u201d service program, which the airport manager is implementing to steadily improve the customer experience at Germany\u2019s leading aviation hub. Examples include relaxation zones, art projects, information in various languages, and free 24-hour Wi-Fi in the passenger terminals. More information about these wide ranging services is available via Frankfurt Airport\u2019s website and Twitter ,", "source": "Frankfurt Airport"}