{"published": "2015-09-11T16:09:03Z", "media-type": "Blog", "title": "Simple Canvas Prints: 18\u00d724 Photo Canvas Print ONLY $33.99 Shipped (100% Satisfaction Guaranteed)", "id": "54187f53-ca34-46c5-a9a6-38935a2da0d1", "content": "For a limited time only, Simple Canvas Prints is offering Hip2Save readers a 18\u2033 x 24\u2033 Photo-to-Canvas Print for ONLY $33.99 + FREE Shipping (limit 2 per household) . If you\u2019re wanting to snag a different size canvas, you can also get 55% off all other sizes. \n \nTo get started, just head here , load your photo from your computer, Facebook or Instagram, select the 18\u00d724 canvas size and style and edit your photo, and then place your order! \n \n\n \nAnd I love that Simple Canvas Prints offers up a 100% Satisfaction Guarantee ! If there\u2019s any reason you\u2019re not satisfied with your order in the first 90-days of receiving it, they will make it right from reprinting your order or refunding you in full (they will even cover shipping).", "source": "Hip2Save"}