{"published": "2015-09-06T17:25:06Z", "media-type": "News", "title": "2:00 PM - 7:00 PMEat the Street Mililani + European Wax Center", "id": "62ff2053-ff9d-404e-b832-ad697c113937", "content": "Want the latest in news, dining and fashion delivered to your inbox? Sign up to receive our free newsletters. You\u2019ll gain access to special offers, the latest news on food, entertainment and fashion, plus you\u2019ll be the first to learn about our contests and giveaways! \n \n* Indicates required field", "source": "Honolulu Magazine"}