{"published": "2015-09-16T14:23:04Z", "media-type": "News", "title": "Global Automotive Connector Industry 2015 Market Research Report", "id": "608782d9-4689-4588-a6c4-8b063c08ad2c", "content": "The Global Automotive Connector Industry report gives a comprehensive account of the Global Automotive Connector market. Details such as the size, key players, segmentation, SWOT analysis, most influential trends, and business environment of the market are mentioned in this report. Furthermore, this report features tables and figures that render a clear perspective of the Automotive Connector market. The report features an up-to-date data on key companies\u2019 product details, revenue figures, and sales. Furthermore, the details also gives the Global Automotive Connector market revenue and its forecasts. The business model strategies of the key firms in the Automotive Connector market are also included. Key strengths, weaknesses, and threats shaping the leading players in the market have also been included in this research report.\n\nThe report gives a detailed overview of the key segments in the market. The fastest and slowest growing market segments are covered in this report. The key emerging opportunities of the fastest growing Global Automotive Connector market segments are also coved in this report. Each segments and sub-segments market size, share, and forecast are available in this report. Additionally, the region-wise segmentation and the trends driving the leading geographical region and the emerging region has been presented in this report.\n\nGet Complete Report with TOC : http://www.qyresearchgroup.com/market-analysis/global-automotive-connector-industry-2015-market-research-report.html\n\nThe study on the Global Automotive Connector market also features a history of the tactical mergers, acquisitions, collaborations, and partnerships activity in the market. Valuable recommendations by senior analysts about investing strategically in research and development can help new entrants or established players penetrate the emerging sectors in the Automotive Connector market. Investors will gain a clear insight on the dominant players in this industry and their future forecasts. Furthermore, readers will get a clear perspective on the high demand and the unmet needs of consumers that will enhance the growth of this market.\n\nTable of Content\n\nChapter One Automotive Connector Industry Overview\n\n1.1 Automotive Connector Definition\n\n1.1.1 Automotive Connector Definition\n\n1.1.2 Product Specifications\n\n1.2 Automotive Connector Classification\n\n1.3 Automotive Connector Application Field\n\n1.4 Automotive Connector Industry Chain Structure\n\n1.5 Automotive Connector Industry Regional Overview\n\n1.6 Automotive Connector Industry Policy Analysis\n\n1.7 Automotive Connector Industry Related Companies Contact Information", "source": "Pettinga Financial Advisors"}