{"published": "2015-09-10T20:45:17Z", "media-type": "Blog", "title": "Precog Vision \u2013 Asia Indices 2015-9-10", "id": "8e717964-ea42-4b93-b6b8-1ac65c17bf46", "content": "For more information about this report please refer to the Market Bias Informant page \n\n   Symbol  Close  Net  Day of Year  Weekday  Lunar Day  3-Day Pattern       HH  LL  HH  LL  HH  LL  HH  LL  HC    INDEX:ASX200  5221.10  16.60  33  67  48  48  67  57   member only     INDEX:HSI  22131.31  242.22  0  83  48  40  52  71         INDEX:KOSPI200  234.40  1.45  60  60  48  64  70  48         INDEX:NIKKEI225  14462.41  29.79  100  0  N/A  N/A  100  0", "source": "DaytradingBias.com Nourish Trading Success"}