{"published": "2015-09-01T17:16:22Z", "media-type": "News", "title": "CFHLA Returns to Rosen College for Fall Meet & Greets", "id": "434c9958-052f-4f67-874d-5feafafccc33", "content": "Through a partnership with the , Rosen College students have the opportunity to meet representatives from the region\u2019s major hotel brands almost every week during the fall 2015 semester.\n\nStarting September 15, students can stop by the CFHLA Student Lounge (room 202) on Tuesdays from 11:30-1:30 to learn from and connect with industry experts, get valuable career advice, interview professionals for their assignments and ask questions about specific jobs and specialties. Drinks and snacks will also be provided.\n\nSee below for the CFHLA Meet & Greets schedule for fall 2015:\n\nTuesday, September 15 \u2013 Marriott World Center\n\nTuesday, September 22 \u2013 Loews Hotel Tuesday, September 29 \u2013 Hyatt Regency Orlando\n\nTuesday, October 6 \u2013 Hilton Orlando Convention Center\n\nTuesday, October 13 \u2013 Hyatt Grand Cypress\n\nTuesday, October 20 \u2013 Caribe Royal\n\nTuesday, October 27 \u2013 Vistana Resort\n\nTuesday, November 3 \u2013 Walt Disney World Swan and Dolphin\n\nTuesday, November 10 \u2013 Bonnet Creek Resort\n\nTuesday, November 17 \u2013 Grande Lakes", "source": "UCF"}