{"published": "2015-09-04T09:23:38Z", "media-type": "News", "title": "Eat healthily and get up to 25% cash back on your monthly HealthyFood bill.", "id": "2e5c83c5-d942-4bcf-b9d6-189bd0674a96", "content": "All Vitality members aged 18 years and older, with an active Vitality policy, can activate and get up to 25% cash back and enjoy a\u00a0 variety of healthy foods at Pick n Pay or Woolworths. This benefit makes healthy eating more affordable and makes it easier to identify healthy choices when you shop. HealthyFood is a range of food including vegetables, fruit, starchy foods that are rich in fibre, fat free dairy products, lean protein, legumes and healthy fats and oils. These foods help prevent lifestyle -related chronic diseases, such as diabetes, heart disease, and certain cancers. View the \u00a0 Pick n Pay \u00a0or \u00a0 Woolworth\u2019s \u00a0 product catalogues for HealthyFood. The HealthyFood benefit is for personal household use and only the person named on the Pick n Pay Vitality HealthyFood and Woolworths loyalty cards may use it.", "source": "Discovery.co.za"}