{"published": "2015-09-30T07:15:46Z", "media-type": "Blog", "title": "Win! Flight simulator experience at iPilot", "id": "fc5420d2-0685-49a4-9419-844e2503f385", "content": "Flight simulator experience at iPilot\nPlane crazy? Even if your head\u2019s in the clouds you could be the winner of a 30 minute flight simulator experience with iPilot in Yas Mall this week. Take off and earn your stripes as a commercial aeroplane pilot in this total immersion experience with an expert instructor that could see you landing anywhere from Hong Kong to St Maarten. For your chance to win, just answer this: Enter Competition", "source": "Competwtions"}