{"published": "2015-09-06T22:29:51Z", "media-type": "News", "title": "Warm welcome for migrants in Munich", "id": "c58c5857-c99c-44e2-b8f5-bc1129aa1c10", "content": "Thousands more migrants and refugees have continued to make their way to Austria and Germany. \n\nThe Austrian police estimate about 4,000 migrants crossed into the country on Sunday and police in Germany say up to 10,000 migrants are expected to reach Munich by the end of the day. \n\nHowever, Germany has warned that its willingness to help \"should not be overstretched\". \n\nClive Myrie reports from Munich.", "source": "BBC"}