{"published": "2015-09-24T17:14:12Z", "media-type": "News", "title": "Alert: Adobe Brings Creative Heritage to Adobe Analytics", "id": "d9926245-a3e4-43ec-b9da-641701e3c16c", "content": "Adobe (Nasdaq: ADBE) today announced Analysis Workspace, an original way for companies to analyze, share and utilize marketing data through Adobe Analytics. Inspired by our creative heritage, Analysis Workspace changes how data is organized and visualized within an organization. Analysts are now able to manipulate views of data to create polished analyses that they can then curate out to those who need actionable data to make business decisions. Helping deliver insight and drive action users of Analysis Workspace can express their \"analytics creativity\" without boundaries as they examine data. \n\n\"Our unique legacy with creative tools and powerful workflows allowed us to re-imagine data analysis in a way nobody else could,\" said Jeff Allen, senior director, Product Marketing, Adobe Analytics. \"This industry-first approach makes highly complex data sets accessible to a much broader group of people within an organization. The paint is still wet on the thoughtful new insights they deliver, so the recipients can easily manipulate it further if desired.\" \n\nFor more details, see the blog post and demo video for more information. \n\nAbout Adobe Systems Incorporated \n\nAdobe is changing the world through digital experiences. For more information, visit www.adobe.com. \n\n\u00a9 2015 Adobe Systems Incorporated. All rights reserved. Adobe, the Adobe logo are either registered trademarks or trademarks of Adobe Systems Incorporated in the United States and/or other countries. All other trademarks are the property of their respective owners. \n\nView source version on businesswire.com: \n\nAdobe Systems Incorporated\n\nSarah Duckett, 385-345-2433sduckett@adobe.com", "source": "Benzinga.com"}