{"published": "2015-09-29T00:50:25Z", "media-type": "News", "title": "Packers take early lead", "id": "c6c879c4-3b7f-4806-a35e-15fe53972888", "content": "KANSAS CITY, MO (KCTV) - \n\nThe Packers have driven 69 yards in six plays to take a 7-0 lead on the Chiefs. Aaron Rodgers completed an eight yard pass to Ty Montgomery for the touchdown.\n\nThe score came with 9:45 to play in the first quarter.\n\nThe Chiefs first two possessions have resulted in three and outs. KC is now just 3 for 22 in third-down conversions in 2", "source": "KCTV 5"}