{"published": "2015-09-01T16:46:54Z", "media-type": "News", "title": "September 1 1939 Germany Invades Poland Beginning World War II", "id": "ca36da02-49f7-468d-adbe-f545e5e5d647", "content": "Norway Manufacturing Sector Contracts Further  \nRTT News - Tuesday 1st September, 2015 \n \nNorway's manufacturing activity continued to decline in August, survey data from the Norwegian Association of Purchasing and Logistics (NIMA) and Danske Bank Norway showed Tuesday.The  ... \n   Norway X Games to include winter summer sports for 1st time  \nNews & Observer - Tuesday 1st September, 2015 \n \nThe X Games are heading to Oslo next year and, for the first time, will include both winter and summer sports.The games will open Feb. 25 with a skateboard street competition, before  ... \n   An insiders guide to Odense much more than Hans Christian Andersen  \nThe Guardian - Tuesday 1st September, 2015 \n \nSculptures of suspended polar bears, a modest pride in beer and street art of tuna fish and cormorants - Denmark's third city is about more than being the birthplace of the fairytale  ... \n   Norway sends prisoners to Dutch jail because its own are too full  \nThe Guardian - Tuesday 1st September, 2015 \n \n\"The first prisoners have arrived,\" Karl Hillesland, the Norwegian head of Norgerhaven prison in the Netherlands said on Tuesday. Due to lack of space, more than 1,000  ... \n   The Danish Girl Trailer I Believe That I am a Woman  \nHollywood Reporter - Tuesday 1st September, 2015 \n \nLili begins dressing like a woman for Gerda's paintings and an evening out, where she kisses a man and Gerda sees them. Ultimately Lili tells Gerda \"I  ... \n   Sweden optimistic over questioning Assange in London  \nIrish Examiner - Tuesday 1st September, 2015 \n \nSwedish officials said they are optimistic about reaching an agreement with Ecuador on legal assistance which could pave the way to questioning WikiLeaks founder Julian Assange in London on  ... \n   Further easing still lies ahead for Norges Bank and Riksbank - Danske Bank  \nFXstreet - Tuesday 1st September, 2015 \n \nwill cut rates on Thursday. At the least, it will be very dovish, likely lowering its inflation forecasts\".\"The ECB will also be dovish on Thursday but we believe that the risks are skewed  ... \n   Fed Likely to wait till December for rate hike \u2013 Danske Bank  \nFXstreet - Tuesday 1st September, 2015 \n \nFXStreet (Bali) - Research team at Danske Bank, notes that tighter labour market conditions in U.S. are likely to prevail and Fed will wait until December to hike rates and use  ... \n   Sweden and Ecuador in talks over WikiLeaks founder Julian Assange  \nSwedish Wire - Tuesday 1st September, 2015 \n \nAPP said that officials from Sweden and Ecuador have met to discuss an agreement on \"legal assistance\" in criminal cases, which could have implications for the long-running stand  ... \n   Sweden Factory Activity Maintains Robust Growth In August  \nRTT News - Tuesday 1st September, 2015 \n \nSwedish manufacturing activity sustained its solid growth in August, though the pace of expansion eased more-than-expected, survey results from Swedbank and the logistics managers' association  ... \n   SMOE Bags $1B EPC Contract from Maersk Oil for Culzean Project in North Sea  \nRigzone - Tuesday 1st September, 2015 \n \nSingapore's Sembcorp Marine Ltd. announced Tuesday that its subsidiary SMOE Pte Ltd. has secured an Engineering, Procurement and Construction (EPC) contract worth over $1 billion (including  ... \n   Vontobel  to begin issuing structured products in Finland \u2013 driving forward its expansion within Europe  \n4-traders - Tuesday 1st September, 2015 \n \nSeptember 01, 2015   Following its successful market entry in Sweden at the start of 2015, Vontobel is now continuing its pan-European  ... \n   Migrant crisis Asylum seekers using bikes to enter Europe at remote Norway border post  \nThe Independent - Tuesday 1st September, 2015 \n \nA trickle of asylum seekers from Syria and the Mediterranean region have found an unlikely route to western Europe: through Russia to a remote Arctic border post in Norway.   ... \n   Tory councillor under investigation for If Carlsberg did illegal immigrants... Facebook post  \nThe Independent - Tuesday 1st September, 2015 \n \nA Conservative councillor is facing an internal investigation, after one of his social media posts showed a picture of a boat full of naked women with the caption: 'If Carlsberg did  ... \n   Build Lifesize Creations with Giant LEGO Bricks  \nMental Floss - Tuesday 1st September, 2015 \n \nEverBlock ?provides the average person the ability to construct furniture and larger structures the same way they would build a LEGO set. The p olypropylene bricks snap together, letting builders  ... \n   Finland not to lead Schengen border control move  \nFinland Times - Tuesday 1st September, 2015 \n \nPassport control at Helsinki port. File Photo Lehtikuva. Finland is certainly not leading the pack in calling for the return of border checks in the Schengen area. Demands for the restoration of  ... \n   13 charged for crimes at Helsinki City PW department  \nFinland Times - Tuesday 1st September, 2015 \n \nFile picture of giving bribes. Photo Lehtikuva. Thirteen people have been charged with aggravated fraud related to the Helsinki City Public Works Department. The fraud is considered to be attributed  ... \n   Denmark Unemployment Rate Lowest Since April 2009  \nRTT News - Monday 31st August, 2015 \n \nDenmark's jobless rate drooped in July to its lowest level in more than six years, figures from Statistics Denmark showed Monday.The seasonally adjusted jobless rate fell marginally to 4.6  ... \n   Denmark Growth Slows In Q2 On Weak Consumption Trade  \nRTT News - Monday 31st August, 2015 \n \nexpanded for the eight successive quarter during the three months to June, but the pace of growth eased as modest growth in investment failed to offset the impact of declines in household  ... \n   Migrants bike into Norway at remote Arctic border crossing  \nMiami Herald - Monday 31st August, 2015 \n \nAs Europe grapples with record-breaking numbers of migrants, a trickle of asylum seekers from Syria and the Mediterranean region have found an unlikely route: Through Russia to a remote  ...", "source": "Denmark News.net"}