{"published": "2015-09-20T16:37:53Z", "media-type": "News", "title": "Goffin keeps Belgium's Davis Cup hopes alive", "id": "4616e943-9876-4dc4-a64a-6c4d23628f16", "content": "Reuters \u00a0\u2013\u00a0 \nBRUSSELS (Reuters) - Belgium's hopes of reaching their first Davis Cup final in over a century remained alive when world number 15 David Goffin comfortably beat Argentina's Diego Schwartzman in the fourth rubber to take their semi-final into a decisive final singles. \n \nGoffin won 6-3 6-2 6-1 in just over an hour and a half. \n \nThe final rubber will see Belgium's Steve Darcis face off Argentina's Federico Delbonis with the winning nation facing Britain in the final after Andy Murray secured an unbeatable 3-1 lead over Australia earlier on Sunday. \n \n(Reporting by Julia Fioretti)", "source": "Yahoo! Singapore"}