{"published": "2015-09-30T19:50:20Z", "media-type": "News", "title": "Hurricane Joaquin Moving Closer To East Co...", "id": "aeeb0c10-4800-4348-939e-f8942e007b02", "content": "Posted Wednesday, September 30th 2015 @ 2pm \u00a0by\u00a024/7 News \n \n\n \nMeteorologists are split over whether Hurricane Joaquin will slam the East Coast.\u00a0 Joaquin is now pushing through the Atlantic Ocean just southeast of Florida, and some models have it hitting the mid-Atlantic region by Sunday.\u00a0 \n \nThe storm bulked up to hurricane status early this morning and could possibly grow up to a Category Three storm with winds topping 110 miles-per-hour.\u00a0 Forecasters are predicting heavy rain all the way from North Carolina to Maine in the coming days as they keep an eye on the storm.\u00a0 \n \nPHOTO", "source": "WXTK-FM 95.1"}