{"published": "2015-09-24T10:00:28Z", "media-type": "News", "title": "A Crime Scene Investigation to solve Alzheimer's disease, a serial killer making millions of victims around the world", "id": "c00ca451-930d-48fe-9174-97d08b9bca3e", "content": "MONTREAL , Sept. 24, 2015 /PRNewswire/ -\u00a0As part of the World Alzheimer's Day on September 21 st , Dr Ziad Nasreddine , of the MoCA Clinic and Institute, has formally launched Alzheimer.tv, a web TV channel and website entirely dedicated to the broadcasting of credible scientific information on Alzheimer disease. This innovative and large-scale project deals with the disease in the manner of a crime scene investigation where each piece of evidence and possible solution is meticulously broken down and analysed by renowned experts. Alzheimer is treated like a serial killer making millions of victims around the world. 50 players in this field of expertise were gathered to launch this unique initiative. \n\nread more", "source": "Sys-Con Media"}