{"published": "2015-09-27T19:04:43Z", "media-type": "News", "title": "Au jour le jour Ready To Wear Spring Summer 2016 Milan", "id": "a0bb7731-ddd2-41f2-85f8-08a088f7a1f0", "content": "811481 \n \nhttps://d36di5nvqr47bo.cloudfront.net/photos/16223/67292/au-jour-le-jour-ready-to-wear-spring-summer-2016-milan-16223-looks-20150927-811481/Au-Jour-Le-Jour-RTW-SS16-Milan-3551-1443378469-bigthumb.jpg \n \nau-jour-le-jour-ready-to-wear-spring-summer-2016-milan-16223-looks-20150927-811481 \n \n811481 \n \nhttp://nowfashion.com/au-jour-le-jour-ready-to-wear-spring-summer-2016-milan-16223-looks-20150927-811481 \n \nhttp://nowfashion.com/au-jour-le-jour-ready-to-wear-spring-summer-2016-milan-16223 \n \nAu jour le jour Fashion Show Ready to Wear Collection Spring Summer 2016 in Milan \n \nGio Staiano for NOWFASHION \n   \n811482 \n \nhttps://d36di5nvqr47bo.cloudfront.net/photos/16223/67292/au-jour-le-jour-ready-to-wear-spring-summer-2016-milan-16223-looks-20150927-811482/Au-Jour-Le-Jour-RTW-SS16-Milan-3556-1443378481-bigthumb.jpg \n \nau-jour-le-jour-ready-to-wear-spring-summer-2016-milan-16223-looks-20150927-811482 \n \n811482 \n \nhttp://nowfashion.com/au-jour-le-jour-ready-to-wear-spring-summer-2016-milan-16223-looks-20150927-811482 \n \nhttp://nowfashion.com/au-jour-le-jour-ready-to-wear-spring-summer-2016-milan-16223 \n \nAu jour le jour Fashion Show Ready to Wear Collection Spring Summer 2016 in Milan \n \nGio Staiano for NOWFASHION \n   \n811488 \n \nhttps://d36di5nvqr47bo.cloudfront.net/photos/16223/67292/au-jour-le-jour-ready-to-wear-spring-summer-2016-milan-16223-looks-20150927-811488/Au-Jour-Le-Jour-RTW-SS16-Milan-3560-1443378493-bigthumb.jpg \n \nau-jour-le-jour-ready-to-wear-spring-summer-2016-milan-16223-looks-20150927-811488 \n \n811488 \n \nhttp://nowfashion.com/au-jour-le-jour-ready-to-wear-spring-summer-2016-milan-16223-looks-20150927-811488 \n \nhttp://nowfashion.com/au-jour-le-jour-ready-to-wear-spring-summer-2016-milan-16223 \n \nAu jour le jour Fashion Show Ready to Wear Collection Spring Summer 2016 in Milan \n \nGio Staiano for NOWFASHION \n   \n811494 \n \nhttps://d36di5nvqr47bo.cloudfront.net/photos/16223/67292/au-jour-le-jour-ready-to-wear-spring-summer-2016-milan-16223-looks-20150927-811494/Au-Jour-Le-Jour-RTW-SS16-Milan-3563-1443378504-bigthumb.jpg \n \nau-jour-le-jour-ready-to-wear-spring-summer-2016-milan-16223-looks-20150927-811494 \n \n811494 \n \nhttp://nowfashion.com/au-jour-le-jour-ready-to-wear-spring-summer-2016-milan-16223-looks-20150927-811494 \n \nhttp://nowfashion.com/au-jour-le-jour-ready-to-wear-spring-summer-2016-milan-16223 \n \nAu jour le jour Fashion Show Ready to Wear Collection Spring Summer 2016 in Milan \n \nGio Staiano for NOWFASHION \n   \n811500 \n \nhttps://d36di5nvqr47bo.cloudfront.net/photos/16223/67292/au-jour-le-jour-ready-to-wear-spring-summer-2016-milan-16223-looks-20150927-811500/Au-Jour-Le-Jour-RTW-SS16-Milan-3567-1443378518-bigthumb.jpg \n \nau-jour-le-jour-ready-to-wear-spring-summer-2016-milan-16223-looks-20150927-811500 \n \n811500 \n \nhttp://nowfashion.com/au-jour-le-jour-ready-to-wear-spring-summer-2016-milan-16223-looks-20150927-811500 \n \nhttp://nowfashion.com/au-jour-le-jour-ready-to-wear-spring-summer-2016-milan-16223 \n \nAu jour le jour Fashion Show Ready to Wear Collection Spring Summer 2016 in Milan \n \nGio Staiano for NOWFASHION \n   \n811503 \n \nhttps://d36di5nvqr47bo.cloudfront.net/photos/16223/67292/au-jour-le-jour-ready-to-wear-spring-summer-2016-milan-16223-looks-20150927-811503/Au-Jour-Le-Jour-RTW-SS16-Milan-3571-1443378530-bigthumb.jpg \n \nau-jour-le-jour-ready-to-wear-spring-summer-2016-milan-16223-looks-20150927-811503 \n \n811503 \n \nhttp://nowfashion.com/au-jour-le-jour-ready-to-wear-spring-summer-2016-milan-16223-looks-20150927-811503 \n \nhttp://nowfashion.com/au-jour-le-jour-ready-to-wear-spring-summer-2016-milan-16223 \n \nAu jour le jour Fashion Show Ready to Wear Collection Spring Summer 2016 in Milan \n \nGio Staiano for NOWFASHION \n   \n811506 \n \nhttps://d36di5nvqr47bo.cloudfront.net/photos/16223/67292/au-jour-le-jour-ready-to-wear-spring-summer-2016-milan-16223-looks-20150927-811506/Au-Jour-Le-Jour-RTW-SS16-Milan-3575-1443378540-bigthumb.jpg \n \nau-jour-le-jour-ready-to-wear-spring-summer-2016-milan-16223-looks-20150927-811506 \n \n811506 \n \nhttp://nowfashion.com/au-jour-le-jour-ready-to-wear-spring-summer-2016-milan-16223-looks-20150927-811506 \n \nhttp://nowfashion.com/au-jour-le-jour-ready-to-wear-spring-summer-2016-milan-16223 \n \nAu jour le jour Fashion Show Ready to Wear Collection Spring Summer 2016 in Milan \n \nGio Staiano for NOWFASHION \n   \n811512 \n \nhttps://d36di5nvqr47bo.cloudfront.net/photos/16223/67292/au-jour-le-jour-ready-to-wear-spring-summer-2016-milan-16223-looks-20150927-811512/Au-Jour-Le-Jour-RTW-SS16-Milan-3578-1443378554-bigthumb.jpg \n \nau-jour-le-jour-ready-to-wear-spring-summer-2016-milan-16223-looks-20150927-811512 \n \n811512 \n \nhttp://nowfashion.com/au-jour-le-jour-ready-to-wear-spring-summer-2016-milan-16223-looks-20150927-811512 \n \nhttp://nowfashion.com/au-jour-le-jour-ready-to-wear-spring-summer-2016-milan-16223 \n \nAu jour le jour Fashion Show Ready to Wear Collection Spring Summer 2016 in Milan \n \nGio Staiano for NOWFASHION \n   \n811515 \n \nhttps://d36di5nvqr47bo.cloudfront.net/photos/16223/67292/au-jour-le-jour-ready-to-wear-spring-summer-2016-milan-16223-looks-20150927-811515/Au-Jour-Le-Jour-RTW-SS16-Milan-3582-1443378568-bigthumb.jpg \n \nau-jour-le-jour-ready-to-wear-spring-summer-2016-milan-16223-looks-20150927-811515 \n \n811515 \n \nhttp://nowfashion.com/au-jour-le-jour-ready-to-wear-spring-summer-2016-milan-16223-looks-20150927-811515 \n \nhttp://nowfashion.com/au-jour-le-jour-ready-to-wear-spring-summer-2016-milan-16223 \n \nAu jour le jour Fashion Show Ready to Wear Collection Spring Summer 2016 in Milan \n \nGio Staiano for NOWFASHION \n   \n811521 \n \nhttps://d36di5nvqr47bo.cloudfront.net/photos/16223/67292/au-jour-le-jour-ready-to-wear-spring-summer-2016-milan-16223-looks-20150927-811521/Au-Jour-Le-Jour-RTW-SS16-Milan-3586-1443378583-bigthumb.jpg \n \nau-jour-le-jour-ready-to-wear-spring-summer-2016-milan-16223-looks-20150927-811521 \n \n811521 \n \nhttp://nowfashion.com/au-jour-le-jour-ready-to-wear-spring-summer-2016-milan-16223-looks-20150927-811521 \n \nhttp://nowfashion.com/au-jour-le-jour-ready-to-wear-spring-summer-2016-milan-16223 \n \nAu jour le jour Fashion Show Ready to Wear Collection Spring Summer 2016 in Milan \n \nGio Staiano for NOWFASHION \n   \n811527 \n \nhttps://d36di5nvqr47bo.cloudfront.net/photos/16223/67292/au-jour-le-jour-ready-to-wear-spring-summer-2016-milan-16223-looks-20150927-811527/Au-Jour-Le-Jour-RTW-SS16-Milan-3590-1443378594-bigthumb.jpg \n \nau-jour-le-jour-ready-to-wear-spring-summer-2016-milan-16223-looks-20150927-811527 \n \n811527 \n \nhttp://nowfashion.com/au-jour-le-jour-ready-to-wear-spring-summer-2016-milan-16223-looks-20150927-811527 \n \nhttp://nowfashion.com/au-jour-le-jour-ready-to-wear-spring-summer-2016-milan-16223 \n \nAu jour le jour Fashion Show Ready to Wear Collection Spring Summer 2016 in Milan \n \nGio Staiano for NOWFASHION \n   \n811532 \n \nhttps://d36di5nvqr47bo.cloudfront.net/photos/16223/67292/au-jour-le-jour-ready-to-wear-spring-summer-2016-milan-16223-looks-20150927-811532/Au-Jour-Le-Jour-RTW-SS16-Milan-3603-1443378630-bigthumb.jpg \n \nau-jour-le-jour-ready-to-wear-spring-summer-2016-milan-16223-looks-20150927-811532 \n \n811532 \n \nhttp://nowfashion.com/au-jour-le-jour-ready-to-wear-spring-summer-2016-milan-16223-looks-20150927-811532 \n \nhttp://nowfashion.com/au-jour-le-jour-ready-to-wear-spring-summer-2016-milan-16223 \n \nAu jour le jour Fashion Show Ready to Wear Collection Spring Summer 2016 in Milan \n \nGio Staiano for NOWFASHION \n   \n811535 \n \nhttps://d36di5nvqr47bo.cloudfront.net/photos/16223/67292/au-jour-le-jour-ready-to-wear-spring-summer-2016-milan-16223-looks-20150927-811535/Au-Jour-Le-Jour-RTW-SS16-Milan-3611-1443378657-bigthumb.jpg \n \nau-jour-le-jour-ready-to-wear-spring-summer-2016-milan-16223-looks-20150927-811535 \n \n811535 \n \nhttp://nowfashion.com/au-jour-le-jour-ready-to-wear-spring-summer-2016-milan-16223-looks-20150927-811535 \n \nhttp://nowfashion.com/au-jour-le-jour-ready-to-wear-spring-summer-2016-milan-16223 \n \nAu jour le jour Fashion Show Ready to Wear Collection Spring Summer 2016 in Milan \n \nGio Staiano for NOWFASHION \n   \n811538 \n \nhttps://d36di5nvqr47bo.cloudfront.net/photos/16223/67292/au-jour-le-jour-ready-to-wear-spring-summer-2016-milan-16223-looks-20150927-811538/Au-Jour-Le-Jour-RTW-SS16-Milan-3598-1443378617-bigthumb.jpg \n \nau-jour-le-jour-ready-to-wear-spring-summer-2016-milan-16223-looks-20150927-811538 \n \n811538 \n \nhttp://nowfashion.com/au-jour-le-jour-ready-to-wear-spring-summer-2016-milan-16223-looks-20150927-811538 \n \nhttp://nowfashion.com/au-jour-le-jour-ready-to-wear-spring-summer-2016-milan-16223 \n \nAu jour le jour Fashion Show Ready to Wear Collection Spring Summer 2016 in Milan \n \nGio Staiano for NOWFASHION \n   \n811544 \n \nhttps://d36di5nvqr47bo.cloudfront.net/photos/16223/67292/au-jour-le-jour-ready-to-wear-spring-summer-2016-milan-16223-looks-20150927-811544/Au-Jour-Le-Jour-RTW-SS16-Milan-3595-1443378607-bigthumb.jpg \n \nau-jour-le-jour-ready-to-wear-spring-summer-2016-milan-16223-looks-20150927-811544 \n \n811544 \n \nhttp://nowfashion.com/au-jour-le-jour-ready-to-wear-spring-summer-2016-milan-16223-looks-20150927-811544 \n \nhttp://nowfashion.com/au-jour-le-jour-ready-to-wear-spring-summer-2016-milan-16223 \n \nAu jour le jour Fashion Show Ready to Wear Collection Spring Summer 2016 in Milan \n \nGio Staiano for NOWFASHION \n   \n811547 \n \nhttps://d36di5nvqr47bo.cloudfront.net/photos/16223/67292/au-jour-le-jour-ready-to-wear-spring-summer-2016-milan-16223-looks-20150927-811547/Au-Jour-Le-Jour-RTW-SS16-Milan-3607-1443378643-bigthumb.jpg \n \nau-jour-le-jour-ready-to-wear-spring-summer-2016-milan-16223-looks-20150927-811547 \n \n811547 \n \nhttp://nowfashion.com/au-jour-le-jour-ready-to-wear-spring-summer-2016-milan-16223-looks-20150927-811547 \n \nhttp://nowfashion.com/au-jour-le-jour-ready-to-wear-spring-summer-2016-milan-16223 \n \nAu jour le jour Fashion Show Ready to Wear Collection Spring Summer 2016 in Milan \n \nGio Staiano for NOWFASHION \n   \n811553 \n \nhttps://d36di5nvqr47bo.cloudfront.net/photos/16223/67292/au-jour-le-jour-ready-to-wear-spring-summer-2016-milan-16223-looks-20150927-811553/Au-Jour-Le-Jour-RTW-SS16-Milan-3615-1443378668-bigthumb.jpg \n \nau-jour-le-jour-ready-to-wear-spring-summer-2016-milan-16223-looks-20150927-811553 \n \n811553 \n \nhttp://nowfashion.com/au-jour-le-jour-ready-to-wear-spring-summer-2016-milan-16223-looks-20150927-811553 \n \nhttp://nowfashion.com/au-jour-le-jour-ready-to-wear-spring-summer-2016-milan-16223 \n \nAu jour le jour Fashion Show Ready to Wear Collection Spring Summer 2016 in Milan \n \nGio Staiano for NOWFASHION \n   \n811556 \n \nhttps://d36di5nvqr47bo.cloudfront.net/photos/16223/67292/au-jour-le-jour-ready-to-wear-spring-summer-2016-milan-16223-looks-20150927-811556/Au-Jour-Le-Jour-RTW-SS16-Milan-3618-1443378682-bigthumb.jpg \n \nau-jour-le-jour-ready-to-wear-spring-summer-2016-milan-16223-looks-20150927-811556 \n \n811556 \n \nhttp://nowfashion.com/au-jour-le-jour-ready-to-wear-spring-summer-2016-milan-16223-looks-20150927-811556 \n \nhttp://nowfashion.com/au-jour-le-jour-ready-to-wear-spring-summer-2016-milan-16223 \n \nAu jour le jour Fashion Show Ready to Wear Collection Spring Summer 2016 in Milan \n \nGio Staiano for NOWFASHION \n   \n811562 \n \nhttps://d36di5nvqr47bo.cloudfront.net/photos/16223/67292/au-jour-le-jour-ready-to-wear-spring-summer-2016-milan-16223-looks-20150927-811562/Au-Jour-Le-Jour-RTW-SS16-Milan-3623-1443378694-bigthumb.jpg \n \nau-jour-le-jour-ready-to-wear-spring-summer-2016-milan-16223-looks-20150927-811562 \n \n811562 \n \nhttp://nowfashion.com/au-jour-le-jour-ready-to-wear-spring-summer-2016-milan-16223-looks-20150927-811562 \n \nhttp://nowfashion.com/au-jour-le-jour-ready-to-wear-spring-summer-2016-milan-16223 \n \nAu jour le jour Fashion Show Ready to Wear Collection Spring Summer 2016 in Milan \n \nGio Staiano for NOWFASHION \n   \n811572 \n \nhttps://d36di5nvqr47bo.cloudfront.net/photos/16223/67292/au-jour-le-jour-ready-to-wear-spring-summer-2016-milan-16223-looks-20150927-811572/Au-Jour-Le-Jour-RTW-SS16-Milan-3627-1443378706-bigthumb.jpg \n \nau-jour-le-jour-ready-to-wear-spring-summer-2016-milan-16223-looks-20150927-811572 \n \n811572 \n \nhttp://nowfashion.com/au-jour-le-jour-ready-to-wear-spring-summer-2016-milan-16223-looks-20150927-811572 \n \nhttp://nowfashion.com/au-jour-le-jour-ready-to-wear-spring-summer-2016-milan-16223 \n \nAu jour le jour Fashion Show Ready to Wear Collection Spring Summer 2016 in Milan \n \nGio Staiano for NOWFASHION \n   \n811578 \n \nhttps://d36di5nvqr47bo.cloudfront.net/photos/16223/67292/au-jour-le-jour-ready-to-wear-spring-summer-2016-milan-16223-looks-20150927-811578/Au-Jour-Le-Jour-RTW-SS16-Milan-3631-1443378719-bigthumb.jpg \n \nau-jour-le-jour-ready-to-wear-spring-summer-2016-milan-16223-looks-20150927-811578 \n \n811578 \n \nhttp://nowfashion.com/au-jour-le-jour-ready-to-wear-spring-summer-2016-milan-16223-looks-20150927-811578 \n \nhttp://nowfashion.com/au-jour-le-jour-ready-to-wear-spring-summer-2016-milan-16223 \n \nAu jour le jour Fashion Show Ready to Wear Collection Spring Summer 2016 in Milan \n \nGio Staiano for NOWFASHION \n   \n811584 \n \nhttps://d36di5nvqr47bo.cloudfront.net/photos/16223/67292/au-jour-le-jour-ready-to-wear-spring-summer-2016-milan-16223-looks-20150927-811584/Au-Jour-Le-Jour-RTW-SS16-Milan-3634-1443378734-bigthumb.jpg \n \nau-jour-le-jour-ready-to-wear-spring-summer-2016-milan-16223-looks-20150927-811584 \n \n811584 \n \nhttp://nowfashion.com/au-jour-le-jour-ready-to-wear-spring-summer-2016-milan-16223-looks-20150927-811584 \n \nhttp://nowfashion.com/au-jour-le-jour-ready-to-wear-spring-summer-2016-milan-16223 \n \nAu jour le jour Fashion Show Ready to Wear Collection Spring Summer 2016 in Milan \n \nGio Staiano for NOWFASHION \n   \n811590 \n \nhttps://d36di5nvqr47bo.cloudfront.net/photos/16223/67292/au-jour-le-jour-ready-to-wear-spring-summer-2016-milan-16223-looks-20150927-811590/Au-Jour-Le-Jour-RTW-SS16-Milan-3639-1443378748-bigthumb.jpg \n \nau-jour-le-jour-ready-to-wear-spring-summer-2016-milan-16223-looks-20150927-811590 \n \n811590 \n \nhttp://nowfashion.com/au-jour-le-jour-ready-to-wear-spring-summer-2016-milan-16223-looks-20150927-811590 \n \nhttp://nowfashion.com/au-jour-le-jour-ready-to-wear-spring-summer-2016-milan-16223 \n \nAu jour le jour Fashion Show Ready to Wear Collection Spring Summer 2016 in Milan \n \nGio Staiano for NOWFASHION \n   \n811601 \n \nhttps://d36di5nvqr47bo.cloudfront.net/photos/16223/67292/au-jour-le-jour-ready-to-wear-spring-summer-2016-milan-16223-looks-20150927-811601/Au-Jour-Le-Jour-RTW-SS16-Milan-3672-1443378854-bigthumb.jpg \n \nau-jour-le-jour-ready-to-wear-spring-summer-2016-milan-16223-looks-20150927-811601 \n \n811601 \n \nhttp://nowfashion.com/au-jour-le-jour-ready-to-wear-spring-summer-2016-milan-16223-looks-20150927-811601 \n \nhttp://nowfashion.com/au-jour-le-jour-ready-to-wear-spring-summer-2016-milan-16223 \n \nAu jour le jour Fashion Show Ready to Wear Collection Spring Summer 2016 in Milan \n \nGio Staiano for NOWFASHION \n   \n811604 \n \nhttps://d36di5nvqr47bo.cloudfront.net/photos/16223/67292/au-jour-le-jour-ready-to-wear-spring-summer-2016-milan-16223-looks-20150927-811604/Au-Jour-Le-Jour-RTW-SS16-Milan-3675-1443378865-bigthumb.jpg \n \nau-jour-le-jour-ready-to-wear-spring-summer-2016-milan-16223-looks-20150927-811604 \n \n811604 \n \nhttp://nowfashion.com/au-jour-le-jour-ready-to-wear-spring-summer-2016-milan-16223-looks-20150927-811604 \n \nhttp://nowfashion.com/au-jour-le-jour-ready-to-wear-spring-summer-2016-milan-16223 \n \nAu jour le jour Fashion Show Ready to Wear Collection Spring Summer 2016 in Milan \n \nGio Staiano for NOWFASHION \n   \n811607 \n \nhttps://d36di5nvqr47bo.cloudfront.net/photos/16223/67292/au-jour-le-jour-ready-to-wear-spring-summer-2016-milan-16223-looks-20150927-811607/Au-Jour-Le-Jour-RTW-SS16-Milan-3661-1443378817-bigthumb.jpg \n \nau-jour-le-jour-ready-to-wear-spring-summer-2016-milan-16223-looks-20150927-811607 \n \n811607 \n \nhttp://nowfashion.com/au-jour-le-jour-ready-to-wear-spring-summer-2016-milan-16223-looks-20150927-811607 \n \nhttp://nowfashion.com/au-jour-le-jour-ready-to-wear-spring-summer-2016-milan-16223 \n \nAu jour le jour Fashion Show Ready to Wear Collection Spring Summer 2016 in Milan \n \nGio Staiano for NOWFASHION \n   \n811613 \n \nhttps://d36di5nvqr47bo.cloudfront.net/photos/16223/67292/au-jour-le-jour-ready-to-wear-spring-summer-2016-milan-16223-looks-20150927-811613/Au-Jour-Le-Jour-RTW-SS16-Milan-3664-1443378829-bigthumb.jpg \n \nau-jour-le-jour-ready-to-wear-spring-summer-2016-milan-16223-looks-20150927-811613 \n \n811613 \n \nhttp://nowfashion.com/au-jour-le-jour-ready-to-wear-spring-summer-2016-milan-16223-looks-20150927-811613 \n \nhttp://nowfashion.com/au-jour-le-jour-ready-to-wear-spring-summer-2016-milan-16223 \n \nAu jour le jour Fashion Show Ready to Wear Collection Spring Summer 2016 in Milan \n \nGio Staiano for NOWFASHION \n   \n811622 \n \nhttps://d36di5nvqr47bo.cloudfront.net/photos/16223/67292/au-jour-le-jour-ready-to-wear-spring-summer-2016-milan-16223-looks-20150927-811622/Au-Jour-Le-Jour-RTW-SS16-Milan-3667-1443378841-bigthumb.jpg \n \nau-jour-le-jour-ready-to-wear-spring-summer-2016-milan-16223-looks-20150927-811622 \n \n811622 \n \nhttp://nowfashion.com/au-jour-le-jour-ready-to-wear-spring-summer-2016-milan-16223-looks-20150927-811622 \n \nhttp://nowfashion.com/au-jour-le-jour-ready-to-wear-spring-summer-2016-milan-16223 \n \nAu jour le jour Fashion Show Ready to Wear Collection Spring Summer 2016 in Milan \n \nGio Staiano for NOWFASHION", "source": "Now Fashion"}