{"published": "2015-09-07T03:52:10Z", "media-type": "Blog", "title": "44:08, Fourth Revolution, Empress Desdemona 99/Orca, Abednego-Kamala, Genesis", "id": "05b5760b-7298-4c0e-823c-126e7150f9b7", "content": "**44:08, Fourth Revolution, Empress Desdemona 99/Orca, Abednego-Kamala, Genesis**\n76 Mak-Shirley Marie Salma Hayek Sherrill (Yellow) Tiger's Eye-222-\u0100catl-Uranus-Ulysses Tholus 3048\n#Neptune Captures #Triton, #Synchronicity, Sepulchre, #China, #Earthquake, Kelly Cass 28, #Tsunami, #Saturn 33, Y\u0101-S\u012bn, Debra Messing 61, Cheryl Burke 89, Christal Kaple Art 909, Az-Zalzalah, Hattusa, 14 Brandi Glanville 41, Rivka Caroline 18, Sextans A, #Coatlicue, 20:20 #Clockwork, 36:49-37 Rose McGowan 73-Yunjin Kim 93-Ken Forsse 77-Holly Dagres 58-Carrie Preston 29-Abigail Folger 99/Operator 99-Bella Andre 67-Jennifer Molidor 81-Teresa Giudice 41-31 Holly Elizabeth Robinson Peete 13-Evie Marom 16-Shirley Phelps-Roper 56-<225> 9 Quarters for the Jukebox-Vanessa Ho 65-20:20 Kathryn Ruemmler 42-Dina Esfandiary 16-43 Margie Phelps 43-Sharon Tate 48/Operator 96-21 Network Key\nDay Orca Second and Fourth Revolution Attachments\nThe 96 McDonalds Twins\nLet Marie M. Malvar and Keli Kay McGinness Work the Underside of the Crossroads 58/11 Numbers\n58-85-56-65-13-31-11-51-15-77-44-99-33-22-110\n(77 to 44 Queen of Wild Cards)\n11 to 77 Call it FOUR HORNS\nTlaloc-64-46-Coatlicue-Orca-Washington/Idaho-Pan-Marie M. Malvar-Sqeliz-Colville tribe-Megan Fox-Georgina Faith Papin 3/11/64-Georgeann Hawkins-Time.com-Pacha Mama-Machu Picchu-55-MSN-Belteshazzar-Marijuana-Keira Christina Knightley-Patricia Rose Johnson 12/2/76-Kate Garry Hudson-Sodom 440-Tiananmen-The New York Times-Helen Mae Hallmark 6/24/66-Mireille Enos-E!-Jennifer Furminger 10/22/71-Michelle Forbes-Keli Kay McGinness-Game of Thrones-HBO-Katherine Heigl-AP-Heather Hernandez-Swastika-Aeneid-Turtle-Tinkerbell-8-Chelsea Handler-Samuel-Eden-Jiah Khan 47-Heroin-Erwin Rommel-Becca Hedman 32\nSong of Songs 2:2-Game of Thrones 54-Gudrun Ensslin-Jacoba Francisca Maria \"Cobie\" Smulders-Sodom 440-Back to the Future-Room 22-Sekhmet-4 Lionesses-Sally Twain-Alyson Lee Hannigan-Tepeyollotl-Natalie Dormer-Anubis-Anne Boleyn-Double Cross X X-1776-Rebecca Zeppelin 28-Operator 66-Kingdom of God Universal and Eternal-Nanahuatzin 56/65-Kalevala-Anasazi-Cindi 42 The Answer-The Christ-Left Hand Pan 41-22 The Great Crocodile-11 Gorgons-50 50 Water Wheel-Lamassu-The Warren Files-Hunahpu and Xbalanque-Prophecy-Carrie Ann Rois-Octopus Mind-Pueblo Bonito-Mictlantecuhtli 73-Paula White-Marquis de Sade-49 Rainbow-Inuit\u2013Yupik-The Tenant of Wildfell Hall-Anne Bront\u00eb-Acton Bell-Arctic-Fox-Colored Rabbits-Shannen Doherty-Ana\u00efs Nin-Great Pyramid of Giza-The Lioness and The Black Widow-Heather Hernandez 30-Joseph Smith, Jr. (December 23, 1805 \u2013 June 27, 1844)-Joyce Meyer-Rosie O' Donnell-Kali 11-9 Eskimos-Eight Immortals-Pandora-Centeotl-Keli Kay McGinness-Keira Christina Knightley-Andrea Fay Borhaven-Blood Storm 66/99 Elizabeth B\u00e1thory/Elizabeth Short-Elisabeth R\u00f6hm-Andrea M. Childers-Orangutan-Operator 99-Artemissa Hickman Reynolds 27-Mata Hari-Edgar Allen Poe-The Falcon-Mars-Xochipilli 69-BDSM-Emma Roberts-Phosphorus-Vera Ann Farmiga-Lavinia-Emilia Clarke 58 Cerium-Hisi-Guillotine-Beijing-Xipe Totec 14-Scientology Cross-Princess Marie Louise of Schleswig-Holstein-Song of Songs 2:3\nCross-Dimensional Messenger Card Darlene Elizabeth Ferrin 22-20:20 Platinum Hall Pass-20:20 Correspond-Mata Hari 67-Edgar Allen Poe-The Falcon-Mars-Xochipilli 69-BDSM-CrossDimensional PingPong-Riders on The Storm-Alice Through The Looking Glass-The Christ 41-99 #Moons #Phosphorus #Triangle Shire Horse #Four-27-54-81-63-90-99-09-36-18-45-72-99 Wicked Whispers Wicked Manifest 96-69 Lilith D. Haines 96-808 Andromeda Medusa 808-Sasha Grey 22-Garden of Eden-48 Sharon Tate, Operator 96-13 Kirstie Alley 31-11 Gorgons-808 Mila Kunis 808-Tom Clancy 66-Antimony 51-Lilium Lowndes 88-Eiffel Tower-50 50 Water Wheel-Lamassu 25-Lavinia-War Bonnet 66-120 Revolution Queens-Gisele Lovvorn/Operator 20:20-20 Joyce Meyer 20-20:20 Kathryn Ruemmler 42-888-T\u014dchtli-40 40 Hisi-Lore-Gudrun Ensslin 54 Left Hand Pan 41-Yin & Yang Symbol-Athena 27 Susan Elizabeth Rice 54 National Security Advisor 15 The Bejeweled Beast-Orion Nebula 42-Jiah Khan 47-909 Andromeda Medusa 909-20:20 Mantis-4 Blizzards-50% of Earth's 'Christians' Turned to swine-90% of USA Republicans Turned to swine-Snow White 22-Circe 22-Little Bo Peep 66-Thaumiel 44-4000 Years of War-Crossroads 58/11-5 in Year 1, 6 in Year 2, 5 in Year 101, 6 in Year 102, 5 in Year 201, 6 in Year 202 and on into Eternity-22 Mormon Women-Tonatiuh 51/50-22 Mistresses-96 Hollywood Sign 69-Joan of Arc Card-66-Cynthia Jean Hinds-Cocoa 66-77 Eagles-11 is for The Horns-The Stone of Certainty-Anne Frank 55-27 Jennifer Lawrence 27-41 Cult of The Rhino 14-Adolfo Constanzo/Agent 20:20-Medusa Behind a Wall of Fire-48 Molly Mayhem 22 Sarah Butler 2/11-96 Milky Way Medusa 96 Sagittarius A* 99-29 Marnie Lee Ann Frey 29-33 Scarlett Johansson 33-Eight Immortals-11 Elisabeth R\u00f6hm 77-H.H. Holmes 110/42-43&43 Exceptionally Sinister #Rabbits-Merope 29-The 91 Stone-45 Meryl Streep 54-Charles \"Lucky\" Luciano/Salvatore Lucania 66-Wendy Lee Coffield-Lullaby 110/42-20:20 Demonology-40 40 Interface Protocols-The Birds and The Bees-909 Pearl of Combat 808-The Book of Lilith-Marilyn Monroe 22-20:20 Poltergeist-20:20 The Conjuring-The Tree of The Knowledge of Good and Evil-77 Andrea Fay Borhaven 55-43 Lisa Robin Kelly 43-Lauren Katherine Conrad 54-31 Witches-Tinkerbell 8-55 Andrea M. Childers 77-4 William J. Donovan 4-Hunahpu and Xbalanque-Kali 11-96 AC/DC 69-Minerva 99-72/11-Elizabeth Prann 22-808 Joker-22 Keys-Saturn 33-Al-Jinn, Al-Mursal\u0101t, An-N\u0101zi`\u0101t-Coatlicue 46-Lamia 57-66 Revolutions a Week, 6 Revolutions a Day, Wicked Manifest 72/11 Takahe Triple 5-Cecelia Ann Shepard 22\n**ALL POWER AND GLORY BELONGS TO GOD!**", "source": "Medusan Locks 96WMMW69"}