{"published": "2015-09-19T06:05:47Z", "media-type": "News", "title": "Community College Week Magazine recognizes EPCC", "id": "bf63a225-0b67-476c-aa4f-28c762836727", "content": "Community College Week Magazine has ranked El Paso Community College the No. 1 grantor of associate degrees to Hispanic students among two-year colleges nationwide. The college granted 2,895 associate degrees to Hispanic students during the 2013-14 school year, up 1 percent from the previous year. The college also ranked nationally No. 9 in overall associated degrees granted, No. 2 in degrees to minority students, No. 3 to students in criminal justice, No. 6 to all students in education, No. 11 to students in business, and No. 30 to students in communications. \n         \n\u00a9 2015 El Paso Inc.. All rights reserved. This material may not be published, broadcast, rewritten or redistributed.", "source": "El Paso Inc"}