{"published": "2015-09-25T19:29:32Z", "media-type": "News", "title": "Football | EPL Preview: Chelsea missing Terry with captain's place under scrutiny", "id": "8a6c45bd-bb83-4b83-b9de-cbe12faacbeb", "content": "He has already put in a transfer request, which was rejected by Everton on Thursday. Chelsea has had as uncomfortable a start to the season as Terry, with four points from a possible nine leaving the team already five behind Man City. Palace has won \u2026 \n Posts related to Football | EPL Preview: Chelsea missing Terry with captain's place under scrutiny", "source": "Malaysia - Our Passions, Our Concerns"}