{"published": "2015-09-24T15:22:50Z", "media-type": "News", "title": "Market Research Report on Agrochemicals Market by Type (Fertilizers, Pesticides) - Global Market Trends & Forecast to 2018", "id": "f5a9021a-0b79-4162-b5f8-4fc36d30407b", "content": "Agrochemicals Market by Type (Fertilizers, Pesticides), by Fertilizer Type (Nitrogenous, Potassic, Phosphatic), by Pesticide Type (Organophosphates, Pyrethroids, Neonicotinoides, Bio-Pesticides), & Sub-types - Global Market Trends & Forecast to 2018\" defines and segments Agrochemicals market with analysis and forecasting of market demand and revenue. This market would grow from an estimated $203,567.6 million in 2013 to $242,757.8 million by 2018, with a CAGR of 3.6% from 2013 to 2018.\n\nKey Content Of This Report\n\nBrowse more than 117 market data tables\n\n27 figures spread through 234 pages\n\nIn-depth Table Of Content on Agrochemicals Market\n\nGlobal Market Trends & Forecast to 2018\n\nGet More Information Here...\n\nhttp://www.marketsandmarkets.com/Market-Reports/global-agro-chemicals-market-report-132.html\n\nThe major function of agrochemicals is to address the problem that hinders the growth of crops. It is a widely used term that includes fertilizers and pesticides. Agrochemicals help to increase the productivity of the crops by supplying needed nutrients and providing protection from various diseases, without harming the environment. Thus, the focus of industry players is not only to develop and launch agrochemicals, but also to train its end-users about the proper use of these chemicals. The tightening environmental regulations in developed regions such as North America and Europe are making it difficult for the manufacturers to sell their conventional products in these regions. Hence, they are bound to develop new products that fulfill environmental norms. It has, thus, become important for them to find a right balance between the product performance and content of their product.\n\nEarly buyers will receive 10% customization on reports. According to the estimates, Asia-Pacific leads the market for Agrochemicals with 41.3% share in demand at global level in 2012, followed by Latin America (17.0%), North America (15.4%), Europe (7.8%), and Rest of the World (18.5%). Looking at fertilizers type, Nitrogenous fertilizers occupied 68.4% and Organophosphates occupied 73.0% share in demand in their respective agrochemicals type.\n\nThe growth of the Agrochemicals Market has been studied through in-depth analysis of major factors that are driving the market such as growing population and increase in demand for food with opportunities in the development of environment friendly and rising consumer awareness for agrochemicals. However, the increasing environmental concerns and availability of other environment friendly alternatives are proving to be the major restraining factors for the market. MarketsandMarkets is world\u2019s No. 2 firm in terms of annually published premium market research reports. Serving 1700 global fortune enterprises with more than 1200 premium studies in a year, M&M is catering to multitude of clients across 8 different industrial verticals. We specialize in consulting assignments and business research across high growth markets, cutting edge technologies and newer applications. Our 850 fulltime analyst and SMEs at MarketsandMarkets are tracking global high growth markets following the \"Growth Engagement Model \u2013 GEM\". The GEM aims at proactive collaboration with the clients to identify new opportunities, identify most important customers, write \"Attack, avoid and defend\" strategies, identify sources of incremental revenues for both the company and its competitors.\n\nM&M\u2019s flagship competitive intelligence and market research platform, \"RT\" connects over 200,000 markets and entire value chains for deeper understanding of the unmet insights along with market sizing and forecasts of niche markets. The new included chapters on Methodology and Benchmarking presented with high quality analytical infographics in our reports gives complete visibility of how the numbers have been arrived and defend the accuracy of the numbers.\n\nWe at MarketsandMarkets are inspired to help our clients grow by providing apt business insight with our huge market intelligence repository.", "source": "Pettinga Financial Advisors"}