{"published": "2015-09-24T23:19:59Z", "media-type": "Blog", "title": "2015-09-24 23:17:41 (M3.0) NEVADA 38.7 -118.8 (455ec)", "id": "a3f0ae66-69d5-4712-8c44-9bfacdd50e91", "content": "== PRELIMINARY EARTHQUAKE REPORT ==\rRegion: NEVADA\rGeographic coordinates: 38.657N, 118.809W\rMagnitude: 3.0\rDepth: 6 km\rUniversal Time (UTC): 24 Sep 2015 23:17:41\rTime near the Epicenter: 24 Sep 2015 16:17:41\rLocal standard time in your area: 24 Sep 2015 17:17:41\rLocation with respect to nearby cities:\r21 km (13 mi) NW of Hawthorne, Nevada\r85 km (52 mi) ESE of Gardnerville Ranchos, Nevada\r100 km (62 mi) SE of Carson City, Nevada\r106 km (65 mi) ESE of South Lake Tahoe, California\r112 km (69 mi) SSE of Fernley, Nevada\rADDITIONAL EARTHQUAKE PARAMETERS\r________________________________\revent ID : nn 00512113\rThis is a computer-generated message and has not yet been reviewed by a\rseismologist.\rFor subsequent updates, maps, and technical information, see:\rhttp://earthquake.usgs.gov/earthquakes/eventpage/nn00512113\ror\rhttp://earthquake.usgs.gov/\rNevada Seismological Laboratory\rUniversity of Nevada, Reno\rhttp://www.seismo.unr.edu\rDISCLAIMER: https://sslearthquake.usgs.gov/ens/help.html?page=help#disclaimer\rThis email was sent to ens@addisonmultimedia.com\rYou requested mail for events within the 'United States' region for M2.5 at all times. To change your parameters, go to:\rhttps://sslearthquake.usgs.gov/ens/\rTo unsubscribe, send a one-line reply to this message with:\rSTOP ens@addisonmultimedia.com", "source": "US Earthquakes"}