{"published": "2015-09-23T18:22:02Z", "media-type": "News", "title": "Anti-women chapter goes from textbook", "id": "3ff86fe0-754c-4a61-97dc-deb0dcd8ca2c", "content": "Comment  \u00b7  print \u00b7  T  T \n\nT+\u00b7  T- \n\nTOPICS \n\nChhattisgarh Education Minister Kedar Kashyap on Wednesday asked the School Education Department to withdraw a controversial chapter in Class X social science textbook of the State school curriculum which held working women responsible for increasing unemployment rate of men. \n\n\u201cThe chapter has been withdrawn with immediate effect,\u201d Mr. Kashyap told reporters after the main Opposition party in the State the Congress took to streets against the \u201cdisrespectful\u201d reference towards women. \n\n\u201cVery few women worked before Independence, however the number of working women increased in all the fields these days which has directly contributed to the increase in unemployment rate of men,\u201d read a paragraph on page No. 181 of the textbook. \n\nKeywords: Chhattisgarh Education Minister Kedar Kashyap, controversial chapter, Class X, social science textbook", "source": "The Hindu"}