{"published": "2015-09-15T15:41:07Z", "media-type": "News", "title": "Kids Drinking Hand Sanitizer To Get Drunk", "id": "9dbbe202-4021-4af5-93f3-919a173af79b", "content": "Sep. 15, 2015 \n\nSep. 15, 2015 \n\nSep. 15, 2015 \n\nSep. 14, 2015 \n\nSep. 14, 2015 \n\nSep. 14, 2015 \n\nSep. 14, 2015 \n\nSep. 14, 2015 \n\nSep. 14, 2015 \n\nSep. 13, 2015 \n\nSep. 12, 2015 \n\nSep. 13, 2015 \n\nSep. 12, 2015 \n\nSep. 13, 2015 \n\nSep. 13, 2015 \n\nSep. 13, 2015 \n\nSep. 12, 2015 \n\nSep. 11, 2015 \n\nSep. 11, 2015 \n\nSep. 11, 2015 \n\nSep. 11, 2015 \n\nSep. 11, 2015 \n\nSep. 11, 2015 \n\nSep. 11, 2015 \n\nSep. 10, 2015 \n\nSep. 11, 2015 \n\nSep. 10, 2015 \n\nSep. 10, 2015 \n\nSep. 10, 2015 \n\nSep. 10, 2015 \n\nSep. 11, 2015 \n\nSep. 9, 2015 \n\nSep. 10, 2015 \n\nSep. 10, 2015 \n\nSep. 9, 2015 \n\nSep. 10, 2015 \n\nSep. 10, 2015 \n\nSep. 9, 2015 \n\nSep. 10, 2015 \n\nSep. 10, 2015 \n\nSep. 9, 2015 \n\nSep. 9, 2015 \n\nSep. 9, 2015 \n\nSep. 9, 2015 \n\nSep. 9, 2015 \n\nSep. 9, 2015 \n\nSep. 9, 2015 \n\nSep. 9, 2015 \n\nSep. 9, 2015 \n\nSep. 9, 2015 \n\nSep. 7, 2015 \n\nSep. 9, 2015 \n\ntop clicks \n\nPOPULAR \n\nEMAILED \n\nCOMMENTED \n\nGeneva man charged with rape Sep. 11, 2015 \n\nReport: Canandaigua Lake algae toxic Sep. 9, 2015 \n\nPrimary Day 2015: Results for local races Sep. 10, 2015 \n\nWoman injured in Geneva crash succumbs to injuries Sep. 10, 2015 \n\nRochester man charged with felonies after foot chase in Yates County Sep. 12, 2015 \n\nSheriff: Elderly man injured in one-car crash, rescued by Ontario County sheriff's deputy Sep. 14, 2", "source": "Irondequoit Post"}