{"published": "2015-09-27T20:00:00Z", "media-type": "Blog", "title": "Jonathan Coulton's Brand New Portal Song Is a Fantastic Companion to \"Still Alive\"", "id": "ca0c0002-76bf-47de-8940-0eec2a83403e", "content": "Who doesn\u2019t love Jonathan Coulton\u2019s contributions to the Portal games? They\u2019re fantastic, entertaining songs, and he\u2019s just written another one. You Wouldn\u2019t Know was written for Lego Dimensions, and pairs Coulton up again with GLaDOS voice actor Ellen McLain. Compared to the last couple of songs, this one is quite a bit happier. Advertisement It\u2019s a fun song, and it fits together up nicely with the other two songs. While we\u2019re at it, listen to the others, recorded live in 2014: [Mashable, via BoingBoing]", "source": "io9"}