{"published": "2015-09-01T15:05:44Z", "media-type": "Blog", "title": "Don't Make Us Force You to Watch the Top Five Weirdest Star Wars Toys", "id": "009c220e-abd1-4625-80a4-c94df3a5df0a", "content": "In the tradition of ScreenCrush series like You Think You Know Movies, You Think You Know TV, and Post Credits comes a brand new YouTube series: Top Five! Each week (or so; we\u2019ve got a lot of other stuff going on), ScreenCrush editor and critic Matt Singer will count down a particular topic from the world of movies (and probably write these introductory posts in the third person). \n \nContinue reading\u2026", "source": "KEAN 105 Today's Best Country"}