{"published": "2015-09-28T19:31:35Z", "media-type": "Blog", "title": "Fide Titles Approved!", "id": "451d6109-39c1-4685-93ff-6377d468e0f9", "content": "It gives us great pleasure to announce that Anell Maasdorp and Savannah Ahjum earned their FIDE titles as WCM (Womans Candidate Master). This was approved by FIDE after these players wonderful performance at the African School's Individuals that was held in Botswana. Well done both of you!\n\n[gallery columns=\"2\" size=\"medium\" ids=\"8113,8112\"]", "source": "NC Chess  /  NK Skaak"}