{"published": "2015-09-09T22:35:58Z", "media-type": "News", "title": "Santa Clara's Golfers Named Among WCC's Best In Preseason Polls", "id": "31dd3f77-cb5b-452e-8e78-e55a070810dc", "content": "SANTA CLARA, Calif. - \u00a0The West Coast Conference announced its preseason golf polls on Wednesday, and Santa Clara University had three student-athletes named among the league's best.\u00a0 \n\nOn the women's side, junior Annie Freman (pictured) - the WCC's Freshman of the Year and All-WCC First Team honoree in 2014 - was named to the All-WCC Preseason Women's Golf Team . The Broncos finished third in the five-team league last spring at the championship tournament. \u00a0 \n\nSenior Carlos Briones (pictured) and sophomore Hayden Shieh earned spots on the\u00a0 All-WCC Preseason Men's Golf Team . Both are local products from the Bay Area, who are in the midst of outstanding amateur careers. Shieh was the top young player in the WCC a year ago, winning the 2015 WCC Freshman of the Year award.\u00a0 \n\nThe teams will play an extensive year-long schedule, which begins this month. The 2016 West Coast Conference Golf Championships will be held at Blackhawk Country Club in Danville, Calif. The tournament runs\u00a0April 18-2", "source": "Santa Clara Broncos"}