{"published": "2015-09-22T14:46:33Z", "media-type": "News", "title": "Brazil August Current Account Gap Narrows More Than Forecast", "id": "06cce79c-5ab3-4c7c-b9a8-f9cd95167ac7", "content": "Sep 22, 2015 \n \n(Bloomberg) -- Brazil\u2019s current account deficit narrowed more than economists forecast in August, as a weaker currency boosts exports and crimps imports in Latin America\u2019s largest economy.\n                      The deficit in the current account, the broadest measure of trade in goods and services, narrowed in August to $2.5 billion from a revised $5.7 billion a month earlier, the central bank said in  \u2026\n                      ( continue reading )", "source": "EIN News"}