{"published": "2015-09-25T04:51:29Z", "media-type": "News", "title": "Local Scores: Thursday, September 24, 2015", "id": "e6ac562b-0642-4e3f-a3ee-57a6e43e111c", "content": "Error Summary  HTTP Error 404.0 - Not Found  The resource you are looking for has been removed, had its name changed, or is temporarily unavailable.  \n  Detailed Error Information   Module IIS Web Core Notification MapRequestHandler Handler StaticFile Error Code 0x80070002   Requested URL http://www1.komu.com:80/news/local-scores-thursday-september-24-2015/ Physical Path D:\\webs\\komucms\\news\\local-scores-thursday-september-24-2015\\ Logon Method Anonymous Logon User Anonymous     Most likely causes:  The directory or file specified does not exist on the Web server.  The URL contains a typographical error.  A custom filter or module, such as URLScan, restricts access to the file.    Things you can try:  Create the content on the Web server.  Review the browser URL.  Create a tracing rule to track failed requests for this HTTP status code and see which module is calling SetStatus. For more information about creating a tracing rule for failed requests, click here .    Links and More Information This error means that the file or directory does not exist on the server. Create the file or directory and try the request again. \nView more information \u00bb", "source": "KOMU"}