{"published": "2015-09-04T07:55:19Z", "media-type": "News", "title": "Power sharing in Northern Ireland threatened with collapse", "id": "b19f8fbc-ec27-4b42-8200-50c107db2d82", "content": "WSWS Friday 4th September, 2015 Northern Ireland's First Minister Peter Robinson met with British Prime Minister David Cameron on Tuesday in a bid to avert the collapse of power sharing at Stormont.His request for a meeting came after a motion by the Democratic Unionist Party (DUP) was rejected by the other parties in the Stormont executive. Following his meeting with Cameron, Robinson expressed the hope that emergency talks between the parties in Northern Ireland would begin early next week.The immediate trigger for the crisis was the statement by the head of the Police Service of Northern Ireland (PSNI), George Hamilton...", "source": "Britain News.Net"}