{"published": "2015-09-10T02:01:37Z", "media-type": "Blog", "title": "GIVEAWAY: Win a Free VIP Advertising Package", "id": "801bd6a3-0dc9-40a9-baab-2f6989e36663", "content": "Could your creative shop, website, blog, or page use a little traffic boost?\u00a0 We're here to help!\u00a0 Enter the VIP Advertising Giveaway below for your chance to be promoted for three months for free here at Creativity Unmasked.\u00a0 Our lucky winner will be given a sidebar ad from October through to December (perfect for a holiday push!) along with a host of promotional options including: Sidebar advertising through to the end of 2015. Graphic design assistance with creating your advertisement if you need a hand. Social media promotion and sharing. Opportunity to write a guest post for Creativity Unmasked (optional). A guest post for your blog written by Creativity Unmasked (optional). Other promotion as may be appropriate based upon the nature of your\u00a0 shop, website, blog, or page. \u00a0 a Rafflecopter giveaway\nCompetition is open to any and all interested readers with a creative-related shop, website, blog, or page to promote.\u00a0 We reserve the right to draw a new winner in the unlikely event that content is deemed unsuitable or inappropriate. Entry closes 30 September 2015.\u00a0 Good luck! :)", "source": "Creativity Unmasked"}