{"published": "2015-09-16T16:16:34Z", "media-type": "News", "title": "\u00e2\u20ac\u2039Motivational Quotes Site Extremely Motivating Launches First Facebook Contest", "id": "a925cb77-287e-4338-8e7f-759c51f8d2bd", "content": "is holding a motivational quotes t-shirt contest where anyone who likes the page and the contest post can win 1 of 10 motivational quotes t-shirts. Head over to www.facebook.com/ExtremelyMotivating to enter the contest today! \n \nID: 1385914 \n   \n   \n(businesspress24) - United States - September 16 2015: Known for providing daily motivational quotes, the website entitled Extremely Motivating is pleased to announce the details surrounding their new motivational quotes t-shirt contest. \n\nAs of September 2, Extremely Motivating have been inviting their audience to participate in their new contest on Facebook. Through October 5, individuals can like the official Extremely Motivating Facebook page along with the post about the contest for a chance to win one of ten official motivational quotes t-shirts. \n\n\u00c2\u20ac\u00c2\u0153Connecting with our fans on social media helps enhance our brand loyalty while introducing new members to our community.\" explains a representative of Extremely Motivating. \u00c2\u20ac\u00c2\u0153The Motivating Quote T-Shirt Facebook contest is designed to spark interest and enthusiasm amongst our group and help people view the many benefits associated with our website.\" \n\nFor every 5000 entries that Extremely Motivating receives for their first Facebook contest, the company will add an additional ten t-shirts to the prize pool and select ten more winners. As the contest continues over the next few weeks, Extremely Motivating will be creating more t-shirts with various designs and quotes. The company is currently reaching out to their Facebook audience and asking them which design or motivational quote they would most like to see on the next t-shirt. \n\nTo find out more information about Extremely Motivating''s new Facebook contest, visit their official page at www.facebook.com/ExtremelyMotivating. \n\nThis contest is just the beginning of many contests Extremely Motivating will be having in the near future so stay tuned for plenty more to come from them. \n\nAbout Extremely Motivating: Known for providing daily motivation to their audience, the Extremely Motivating website often features uplifting quotes, photos and videos. The team behind the website is dedicated to showcasing high quality content and articles. The team has a strong passion for motivation and believe that the website can help individuals achieve any goals and dreams one could possibly imagine. \n   \nKeywords (optional): \n\n\nUnternehmensinformation / Kurzprofil: \n\n\nExtremely Motivating \nhttp://www.extremelymotivating.com/ \nLeseranfragen: \nExtremely Motivating \nhttp://www.extremelymotivating.com/ \nN/A \nNew York City \nUnited States \n\nPresseKontakt / Agentur: \n\nbereitgestellt von: alekspressdev \n \nDatum: 16.09.2015 - 18:03 \nSprache: Deutsch \nNews-ID 1385914 \nAnzahl Zeichen:  \ncontact information: \nCompany: Extremely Motivating \nContact person: Dave Best \nTown: New York City \nPhone: \n\nAnmerkungen: \n\nDiese Pressemitteilung wurde bisher 0 mal aufgerufen. \n\n \nVerlinkung-Tipps: \n\nDirekter Link zu dieser Pressemeldung: \n\n\n\u00dcber einen Link auf Ihrer News-, Presse- oder Partner-Seite w\u00fcrden wir uns sehr freuen.", "source": "BusinessPress24"}