{"published": "2015-09-29T14:10:35Z", "media-type": "Blog", "title": "Market outlook for 30/09/2015", "id": "e0c3c6b6-6d08-4b5d-b34b-89685f379546", "content": "Nifty closed up 47.60 points (0.61%) at 7843.30 while Future closed at 7875.85, premium of 32.55 points.\n\nBank Nifty closed up 180.90 points (1.06%) at 17281.20 while Future closed at 17387.85, premium of 106.65 points.\n\n\nFII sold huge in Cash (Net sell 1112.59 Crore)\nFII bought in stock future, index option but sold in stock future (Net buy 3246.35 Crore)\nDII bought in Cash (Net buy 876.20 Crore)\nMost Active Nifty Call Option: 8000 and 8100.\nMost Active Nifty Put Options: 7700 and 7500.\nAdvance Decline for the day was 672:807.\nMcClellan's oscillator for NSE at +11.\n\nNIFTY TECHNICAL\n\n\n\nCurrent Spot: 7843.30\n\nPivot: 7820\n\n5DEMA: 7844\n\n10DEMA: 7851\n\n20DEMA: 7889\n\n50DEMA: 8055\n\nRSI (14 days): 45.50\n\nParabolic SAR: 8055\n\nSupports: 7714 - 7585 - 7479\n\nResistance: 7950 - 8056 - 8185\n\n\n\nNifty Future VWAP: 7840.28\n\nNifty Future VIX Range: 7755 - 7963\n\nMP Values Nifty Future: VAH - 7917, POC - 7836, VAL - 7755\n\n\n\nBANKNIFTY TECHNICAL\n\n\n\nCurrent Spot: 17281.20\n\nPivot:  17130\n\n5DEMA: 17195\n\n10DEMA: 17111\n\n20DEMA: 17114\n\n50DEMA: 17511\n\nRSI (14 days): 51.32\n\nParabolic SAR: 16530\n\nSupports: 16799 - 16317 - 15986\n\nResistance: 17612 - 17943 - 18425\n\n\n\nBank Nifty Future VWAP: 17202.41\n\nBank Nifty Future VIX Range: 17030 - 17689\n\nMP Values Bank Nifty Future: VAH - 17446, POC - 17175, VAL - 16904\n\n\n\nThanks and Regards\n\n\n\nMarketPulse S&P", "source": "Market Pulse S&P"}