{"published": "2015-09-17T09:23:51Z", "media-type": "Blog", "title": "\u6279\u8e22\u8e22\u5be6\u696d\u574a HandMade \u677f: [\u554f\u984c] \u7d93\u5e38\u61c9\u7528\u5728\u5e06\u5e03\u4e0a\u7684\u7acb\u9ad4\u81a0\u662f\u4ec0\u9ebc\uff1f", "id": "5175e57c-7b11-4588-91de-f147bcc3aec6", "content": "\u6279\u8e22\u8e22\u5be6\u696d\u574a HandMade \u677f\r// via fulltextrssfeed.com\r[\u554f\u984c] \u7d93\u5e38\u61c9\u7528\u5728\u5e06\u5e03\u4e0a\u7684\u7acb\u9ad4\u81a0\u662f\u4ec0\u9ebc\uff1f\rhttp://www.ptt.cc/bbs/HandMade/M.1442479917.A.CE2.html\rSep 17th 2015, 09:23\r\u4f5c\u8005soft17723 (\u8fea\u897f)\r\u770b\u677fHandMade\r\u6a19\u984c[\u554f\u984c] \u5e06\u5e03\u4e0a\u7684\u7acb\u9ad4\u81a0\u662f\u53eb\u4ec0\u9ebc\u540d\u5b57\u5462\uff1f\r\u6642\u9593Thu Sep 17 16:51:55 2015\r\u5e38\u5728\u5f88\u591a\u90a3\u7a2e\u6587\u5275\u624b\u4f5c\u7684\u5730\u65b9\u770b\u5230\u9019\u7a2e\u81a0\uff0c \u5e38\u898b\u7684\u662f\u61c9\u7528\u5728\u5e06\u5e03\u4e0a\uff0c\u6240\u4ee5\u6211\u770b\u5230\u7684\u90fd\u662f\u9ed1\u8272\u7684 \u50cf\u9019\u6a23\u5b50\uff1a http://imgur.com/3PunfRB\r\u6211\u4e00\u958b\u59cb\u4ee5\u70ba\u662f\u701d\u9752\uff08\uff1f\uff09\u6216\u662f\u67cf\u6cb9XDD\u4e4b\u985e\u7684\u6771\u897f\uff0c \u4e0d\u904e\u4e4b\u5f8c\u53c8\u770b\u5230\u4e5f\u662f\u9019\u7a2e\u7acb\u9ad4\u7684\u81a0\uff0c\u53ef\u662f\u662f\u767d\u8272\u7684\uff1a http://imgur.com/dZA1TYJ\r\uff08\u5c0d\u4e0d\u8d77\u62cd\u4e0d\u51fa\u7acb\u9ad4\u611fXD\uff0c\u57fa\u672c\u4e0a\u8ddf\u4e0a\u9762\u9ed1\u8272\u7684\u4e00\u6a23\uff09 \u8acb\u554f\u4ed6\u6709\u6c92\u6709\u4e00\u500b\u540d\u7a31\u5462\uff1f \u8b1d\u8b1d\u5927\u5bb6>\u203b \u767c\u4fe1\u7ad9: \u6279\u8e22\u8e22\u5be6\u696d\u574a(ptt.cc), \u4f86\u81ea: 119.77.130.23 \u203b \u6587\u7ae0\u7db2\u5740: https://www.ptt.cc/bbs/HandMade/M.1442479917.A.CE2.html\rYou are receiving this email because you subscribed to this feed at https://blogtrottr.com\rIf you no longer wish to receive these emails, you can unsubscribe here:\rhttps://blogtrottr.com/unsubscribe/pJy/RwBRJX", "source": "[HandMade]"}