{"published": "2015-09-05T04:17:25Z", "media-type": "News", "title": "Two deported from UAE for ISIS link: DGP", "id": "0735ee2d-f8fc-4abd-91a8-b5bfffc0a262", "content": "\u00a0  \u00a0\u00a0\u00a0\u00a0\u00a0\u00a0 \u00a0 Posted on :09:36:50\u00a0Sep 5, 2015    \u00a0\u00a0\u00a0\u00a0\u00a0\u00a0 Last edited on:09:36:50\u00a0Sep 5, 2015      \u00a0\u00a0\u00a0\u00a0\u00a0\u00a0\u00a0\u00a0 Tags: two, deport, UAE   \u00a0    \n\r\n\tTHIRUVANANTHAPURAM: DGP TP Senkumar said two persons were deported from UAE for their alleged link with ISIS terrorist group. Talking to media persons here, the DGP said the state police, which interrogated the two men, could not collect any evidence proving their connection with terrorist group. The two men hailing from Kochi were deported from UAE for their active participation in social media supporting ISIS. \n              \u00a0\u00a0\u00a0\u00a0\u00a0\u00a0 CITYNEWS     Next Article: Pravasis urged to enrol names in voters list      \u00a0          \u00a0     \u00a0", "source": "Kaumudi"}