{"published": "2015-09-30T12:09:19Z", "media-type": "News", "title": "Turkey: Foreign trade deficit narrows sharply in August", "id": "feb4b606-ee60-4483-a6fd-b8f49c2fb9f8", "content": "Turkey's foreign trade deficit dropped sharply in August, the Turkish Statistical Institute reported on Wednesday. \nIn August, the deficit declined \u00a0to $4.88 billion, down from $8.11 billion from same month last year, a drop of 39.8 percent. \n\nExports were $11.65 billion, a 2.8 percent decrease from August 2014, and imports were $15.95 billion dollars, an 18.2 percent decline year-on-year. \u00a0 \n\nTurkey\u2019s exports declined by 8.7 percent to $95.67 billion in the first eight months of this year, from $104.8 billion in the same period of last year, while imports tumbled16.9 percent in the same period. \n\nThe devaluation of the lira against major currencies in the past year has made imported goods more expensive for Turkish consumers. \n\nOverall imports from January to August were down from $54.42 billlion to $45.24 billilon. \n\nThe Turkish Exporters Assembly has attributed the exports slowdown to the weak global economy as well as to the fall of the euro against the dollar -- the decline, however, is in value, while Turkish exports increased in overall volume during the first eight months of this year.", "source": "Turkish Weekly"}