{"published": "2015-09-23T13:14:24Z", "media-type": "Blog", "title": "Pebble Time Round vs Pebble Time vs Pebble Time Steel: Which should you choose?", "id": "c5a31291-391c-4295-828a-fae52ed39c20", "content": "Pebble has announced a third device to add to its colour Pebble Time family of smartwatches, with more of a fashion/design focus. The Pebble Time Round is the first watch from the company that comes with a completely circular face but that\u2019s not the\u2026 \n \n \u2026read more  \nSource: Pocket-Lint", "source": "My Tech Scoop"}