{"published": "2015-09-22T12:48:48Z", "media-type": "News", "title": "Petro Poroshenko expresses wish to join NATO", "id": "be2a0f71-f8b9-4ef0-ba7c-6c25bc62ab1c", "content": "Ukrainian President Petro Poroshenko today told the country's security council that staying out of the NATO alliance was a \"criminal\" policy that his government is ready to\u2026 \r \nBy Press Trust of India on September 22, 2015 at 6:12 PM Email \n\nComments \n\nKiev, Sep 22: Ukrainian President Petro Poroshenko today told the country\u2019s security council that staying out of the NATO alliance was a \u201ccriminal\u201d policy that his government is ready to reverse. More than 8,000 people have died in Ukraine\u2019s fight against separatist rebels in the east since April 2014. Russia backed the rebels, fearing that the pro-Western course of the new Kiev government would make it a NATO ally. \n\n\u201cThe decision on the non-alliance policy which was announced by the previous government is criminal in terms of security and strategic interests of our state,\u201d Poroshenko said, citing an opinion poll showing 60 per cent of Ukrainians supporting potential NATO membership. (Also Read: Burkina president Michel Kafando sceptical about proposed post-coup deal) \n\nPoroshenko, who chaired the security council with NATO Secretary-General Jens Stoltenberg in attendance, said any decision to join the alliance will be subject to a popular vote. Before the February 2014 uprising which toppled pro-Russian President Viktor Yanukovych, the majority of Ukrainians opposed joining NATO, but many now see the alliance as their best defense from a foreign military threat. NATO officials say Ukraine needs to enact political, economic, social and military reforms to be considered for membership. \n\nStoltenberg told the \u2026", "source": "MyInforms"}