{"published": "2015-09-21T02:52:50Z", "media-type": "News", "title": "Ellen Fullman Plays Her Long String Instrument @TransformerStat for Three Night", "id": "08c43a36-4ccc-4239-b4fc-90577cbb907e", "content": "Sonic artist Ellen Fullman explores the acoustics of the spaces she performs in with her installation Long String Instrument, often in collaboration with other musicians. And \u201cLong String Instrument\u201d literally describes what she uses to create sound. The 70-foot instrument features dozens of tuned wires 50 feet or longer which she bows with rosin-coated fingers. \n \nFullman will perform for three evenings at the Transformer Station, her Cleveland area debut. She\u2019ll be joined by cellist Theresa Wong. Tickets are $27. \n \nellenfullman.com \n \nclevelandart.org/ellen-fullman \n [Photo by Judy Dater] \r\n        \r\n        \r\n\r Post categories:", "source": "Cool Cleveland"}