{"published": "2015-09-20T07:23:33Z", "media-type": "News", "title": "NHS prescription charges can cost FOUR times the usual shop price", "id": "387838ab-d613-4ac1-902d-509597e36c20", "content": "Daily Mail  Sunday 20th September, 2015  \n It's not just a movie... I was left for dead on Everest: The bone-chilling true story behind the epic new film... told by the American hero who paid a terrible price for his survival ? \n... \n \nRead the full story at Daily Mail", "source": "The Sydney News"}