{"published": "2015-09-30T17:15:00Z", "media-type": "News", "title": "SiriusXM to Broadcast Performances from Austin City Limits Music Festival in Austin", "id": "bd39c954-00ec-433a-b3b4-ceff57d8d9ce", "content": "NEW YORK , Sept. 30, 2015 /PRNewswire/ -- SiriusXM announced today that it will be the exclusive radio broadcaster of live performances and interviews from the annual Austin City Limits Music Festival. \n\nThe broadcast will showcase a diverse line-up featuring performances from alt-J, Alabama Shakes, Glass Animals, The Decemberists, Walk The Moon, San Fermin, Royal Blood , Moon Taxi, Kurt Vile , Father John Misty , Houndmouth, Gary Clark Jr , Twenty One Pilots\u00a0and many more across multiple SiriusXM channels.\u00a0 \n   \n\"We consistently offer our subscribers special and exclusive access to the world's biggest music festivals,\" said Scott Greenstein , President and Chief Content Officer, SiriusXM. \"We are excited to be the exclusive radio broadcaster of this year's Austin City Limits Live Music Festival\u2014presenting live performances by some of today's biggest artists.\" \n\nSiriusXM's broadcast of Austin City Limits Festival will air on channel 31 beginning Friday, October 2 at 2:00 pm ET through Sunday, October 4 at 11:59 pm ET . Select performances will also air on The Spectrum, channel 28, SiriusXMU, channel 35, Alt Nation, channel 36, Jam On, channel 29, Outlaw Country channel 60 and through the SiriusXM App on smartphones and other connected devices, as well as online at siriusxm.com . \n\nSiriusXM's broadcast of Austin City Limits Festival is one of the many festivals that SiriusXM broadcasts for its listeners. Previous SiriusXM festival broadcasts have featured Coachella\u00a0Valley Music and Arts Festival, Lollapalooza Music Festival, Bonnaroo Music and Arts Festival, Hangout Music Festival, Electric Daisy Carnival, Firefly Music Festival, Governors Ball Music Festival, Rock on the Range, Phish's Magnaball Festival and Ultra Music Festival. \n\nFor more details about broadcast times go to www.siriusxm.com/acl . \n\nFor more information on the Austin City Limits Music Festival, please visit www.aclfestival.com . \u00a0 \n\nFor more information on SiriusXM, please visit www.siriusxm.com . \u00a0 \n\nAbout SiriusXM \n\nSirius XM Holdings Inc. ( NASDAQ: SIRI ) is the world's largest radio broadcaster measured by revenue and has 28.4 million subscribers.\u00a0 SiriusXM creates and broadcasts commercial-free music; premier sports talk and live events; comedy; news; exclusive talk and entertainment; and the most comprehensive Latin music, sports and talk programming in radio. SiriusXM is available in vehicles from every major car company in the U.S. and on smartphones and other connected devices as well as online at siriusxm.com . SiriusXM radios and accessories are available from retailers nationwide and at shop.siriusxm.com .\u00a0 SiriusXM also provides premium traffic, weather, data and information services for subscribers in cars, trucks, RVs, boats and aircraft through SiriusXM Traffic\u2122, SiriusXM Travel Link, NavTraffic\u00ae, NavWeather\u2122, SiriusXM Aviation, SiriusXM Marine\u2122, Sirius Marine Weather , XMWX Aviation\u2122, and XMWX Marine\u2122.\u00a0 SiriusXM holds a minority interest in SiriusXM Canada which has more than 2 million subscribers. SiriusXM is also a leading provider of connected vehicles services to major automakers, giving customers access to a suite of safety, security, and convenience services including automatic crash notification, stolen vehicle recovery assistance, enhanced roadside assistance and turn-by-turn navigation. \n\nOn social media, join the SiriusXM community on Facebook , Twitter , Instagram , and YouTube . To view and download SiriusXM logos and artwork, please visit SiriusXM.com/LogosAndPhotos . \n\nThis communication contains \"forward-looking statements\" within the meaning of the Private Securities Litigation Reform Act of 1995.\u00a0 Such statements include, but are not limited to, statements about future financial and operating results, our plans, objectives, expectations and intentions with respect to future operations, products and services; and other statements identified by words such as \"will likely result,\" \"are expected to,\" \"will continue,\" \"is anticipated,\" \"estimated,\" \"believe,\" \"intend,\" \"plan,\" \"projection,\" \"outlook\" or words of similar meaning.\u00a0 Such forward-looking statements are based upon the current beliefs and expectations of our management and are inherently subject to significant business, economic and competitive uncertainties and contingencies, many of which are difficult to predict and generally beyond our control.\u00a0 Actual results may differ materially from the results anticipated in these forward-looking statements.\u00a0 \n\nThe following factors, among others, could cause actual results to differ materially from the anticipated results or other expectations expressed in the forward-looking statements:\u00a0 our competitive position versus other radio and audio service providers; our ability to attract and retain subscribers, which is uncertain; our dependence upon the auto industry; general economic conditions; changes in consumer protection laws and their enforcement; the security of the personal information about our customers; other existing or future government laws and regulations could harm our business; failure of our satellites would significantly damage our business; the interruption or failure of our information technology and communications systems; royalties we pay for music rights, which increase over time; the unfavorable outcome of pending or future litigation; our failure to realize benefits of acquisitions or other strategic initiatives; rapid technological and industry changes; failure of third parties to perform; failure to comply with FCC requirements; modifications to our business plans; our indebtedness; and our principal stockholder has significant influence over our management and over actions requiring stockholder approval and its interests may differ from interests of other holders of our common stock.\u00a0 Additional factors that could cause our results to differ materially from those described in the forward-looking statements can be found in our Annual Report on Form 10-K for the year ended December 31, 2014 , which is filed with the Securities and Exchange Commission (the \"SEC\") and available at the SEC's Internet site ( http://www.sec.gov ).\u00a0 The information set forth herein speaks only as of the date hereof, and we disclaim any intention or obligation to update any forward looking statements as a result of developments occurring after the date of this communication. \n\nSource: SiriusXM \n\nContact for SiriusXM: \nSamantha Bowman \n212 901 6644 \nsamantha.bowman@siriusxm.com  \n\nLogo - http://photos.prnewswire.com/prnh/20101014/NY82093LOGO  \n\nTo view the original version on PR Newswire, visit: http://www.prnewswire.com/news-releases/siriusxm-to-broadcast-performances-from-austin-city-limits-music-festival-in-austin-300151778.html \n\nSOURCE  Sirius XM Holdings Inc.", "source": "Marketplace"}