{"published": "2015-09-02T00:47:16Z", "media-type": "Blog", "title": "neurosciencenews:\n\nNew Technology Enables Completely Paralyzed...", "id": "6c28e13f-bca2-4e64-8288-be0455062ef3", "content": "neurosciencenews:\n\n\nNew Technology Enables Completely Paralyzed Man to Voluntarily Move His Legs\n\nRobotic step training and noninvasive spinal stimulation enable patient to take thousands of steps.\n\nImage: This is Mark Pollock with trainer Simon O'Donnell. Credit: Mark Pollock.", "source": "Wissenschaft und Deutsch"}