{"published": "2015-09-26T13:30:26Z", "media-type": "Blog", "title": "Never get stranded again with this discounted portable jump starter from Amazon", "id": "39f9894f-8093-4d93-9039-bb2a3c4e9bb5", "content": "It doesn't matter if your car is brand new or 25 years old \u2014 if something goes wrong, your battery can die and leave you stranded. It seems like no one carries jumper cables anymore, and waiting for AAA or a tow truck just adds to the frustration. Here's another option: Grab a\u00a0 PowerGo \"Unbelievably Portable\" 12 Volt Car Battery Jump Starter Booster and Power Bank at a discount right now on Amazon, and you'll be able to jump your car yourself. \n \nContinue reading...", "source": "BGR"}