{"published": "2015-09-27T20:49:30Z", "media-type": "Blog", "title": "HJC News - Succos", "id": "db2d5797-19c0-479c-a87f-f9a7fbdf09ac", "content": "Please Note: \u00a0The shul WILL have babysitting on the first days of Succos and Shabbos Chol Hamoed. \u00a0\nEveryone is welcome to join us in our Succa on Washington Blvd. this Shabbos at 4pm.\u00a0 Please note the changed time. \u00a0\nWe look forward to spending Yom-Tov with you.\nGood Yom-Tov\nRabbi Davidovich\n///////////////////////////////\nSunday, September 27 (Erev Succos)\n\u00a0 Candle lighting \u00a0 6:58 PM\n\u00a0 Mincha-Ma'ariv \u00a0 7:00 PM\n\u00a0 Kiddush in the Succa after 8:06 PM\n\u00a0\nMonday,\u00a0September 28\u00a0(First Day Succos)\n\u00a0 Shacharis \u00a0 9:00 AM\n\u00a0 Mincha \u00a0 \u00a0 \u00a0 6:55 PM\u00a0\n\u00a0 Maariv \u00a0 \u00a0 \u00a0 \u00a07:59 PM\n\u00a0 Candle lighting, from an existing flame \u00a0 8:04 PM\nTuesday,\u00a0September 29\u00a0(Second Day Succos)\n\u00a0 Shacharis \u00a0 9:00 AM\n\u00a0 Mincha \u00a0 \u00a0 \u00a0 6:55 PM\n\u00a0 Yom Tov Ends \u00a0 8:03 PM \u00a0 \u00a0\u00a0\nWednesday-Thursday September 30-October 1 (Chol Hamoed)\n\u00a0 Shacharis \u00a0 6:30 AM\n\u00a0 Mincha-Ma'ariv \u00a0 6:55 PM\n\u00a0 Mishnayos Shiur after Maariv\n\u00a0\u00a0\nFriday, October 2 (Chol Hamoed)\n\u00a0 Shacharis \u00a0 \u00a06:30 AM\n\u00a0 Candle Lighting \u00a06:50 PM\n\u00a0 Mincha \u00a06:50 \u00a0PM\nShabbos, October 3 \u00a0(Shabbos Chol Hamoed)\n\u00a0 Shacharis \u00a0 9:00 AM\n\u00a0 Open Succah at Rabbi's home 14385 Washington \u00a04:00 PM\n\u00a0 Mincha \u00a0 \u00a06:35 PM\n\u00a0 No Shalosh Seudos at Shul\n\u00a0 Shabbos ends \u00a0 7:56 PM\nSunday, October 4 \u00a0(Hoshana Rabba)\n\u00a0 Shacharis \u00a08:00 AM\n\u00a0 Candle lighting \u00a0 6:45 PM\n\u00a0 Mincha-Ma'ariv \u00a0 6:50 PM\nMonday, October 5 (Shemini Atzeres)\n\u00a0 Shacharis \u00a0 9:00 AM\n\u00a0 Yizkor, not before 10:25 AM\n\u00a0 Mincha \u00a0 \u00a0 \u00a0 6:35 PM\u00a0\n\u00a0 \u00a0followed by Rabbi's Party\n\u00a0 Maariv \u00a0 \u00a0 \u00a0 \u00a07:47 PM\n\u00a0 Candle lighting, from an existing flame \u00a0 7:52 PM\nTuesday, October 6 (Simchas Torah)\n\u00a0 Shacharis \u00a0\u00a08:30 AM\n\u00a0 Mincha \u00a0 \u00a0 \u00a0 6:35 PM\n\u00a0 Followed by Neilas HaChag\n\u00a0 Yom Tov Ends \u00a0 7:50 PM \u00a0\u00a0\nWednesday-Thursday October 7-8\n\u00a0 Gemara Shiur \u00a06:15 AM \u00a0\n\u00a0 Shacharis \u00a0 6:45 AM\n\u00a0 Mincha-Ma'ariv \u00a0 6:45 PM \u00a0\nFriday, October 9\u00a0\n\u00a0Gemara Shiur \u00a06:15 AM\u00a0\n\u00a0Shacharis \u00a0 \u00a06:45 AM\n\u00a0Candle Lighting \u00a06:37 PM\n\u00a0Mincha \u00a06:40 \u00a0PM", "source": "From The Heights"}