{"published": "2015-09-29T16:39:26Z", "media-type": "News", "title": "Farrington Highway closed after moped accident", "id": "9bf10f40-3210-4441-94d1-27aa7c358acf", "content": "]]>  \n\r \r \nBy Star-Advertiser staff \n\r \n\r \r \n \n\r \r\n\t\t\t\t\t\t\t\t\t\r\n\t\t\t\t\t\t\t\t\r\n\t\t\t\t\t\t\t\t\t\t\t\t\t\t\t\t\r\n\t\t\t\t \t\t\t\t\r\n\t\t\t\t\t\t\t\tPOSTED: 6:38 a.m. HST, Sep 29, 2015 \r\n\t\t\t\t\r \nLAST UPDATED: 6:38 a.m. HST, Sep 29, 2015 \r \r \n   ]]>   \nFarrington Highway has been closed between the Kapolei Golf Course and Kualakai Parkway due to a moped accident. \n \nMotorists are advised to use alternate routes. \n  \n  ]]>      \nIN OTHER NEWS", "source": "Honolulu Star-Advertiser"}