{"published": "2015-09-10T11:40:41Z", "media-type": "News", "title": "Sonora, Lathrop soccer canceled", "id": "b935fff1-2958-43c8-b1cf-c7f28136a2f7", "content": "The Sonora Wildcats boys\u2019 soccer team match Wednesday night against the Lathrop Spartans was canceled and will not be rescheduled. \n\r\nThe Spartans called off the match earlier in the day, but not quite early enough to quell the fans from showing up to watch the Wildcats. \n\r\nSonora plays its last preseason game today at 6:30 p.m. against Oakdale at Dunlavy Field.", "source": "Union Democrat"}