{"published": "2015-09-07T20:30:00Z", "media-type": "News", "title": "Dewa looks intodiplomatic tieswith Canada", "id": "18175d2a-4b5b-4e6f-a920-08a6d0b5166c", "content": "DUBAI: Saeed Mohammed Al Tayer, MD and CEO of Dubai Electricity and Water Authority (Dewa), welcomed at his office Emmanuel Kamarianakis, Consul General of Canada to Dubai, and Glen McPherson, Consul and Senior Trade Commissioner in the Consulate General of Canada to Dubai, as part of a series of diplomatic and consular visits to Dewa. \n\nAl Tayer briefed them on Dewa\u2019s work and activities as well as its growth an \n \n\n \nSource link \n\nlink: Dewa looks into \n\ndiplomatic ties \n\nwith Canada", "source": "Dubai Informer"}