{"published": "2015-09-20T04:33:46Z", "media-type": "News", "title": "Congress must defund Planned Parenthood, Walker says", "id": "adc51636-b924-41b1-9cf7-261848b0bf76", "content": "Buy Photo  \nRepublican presidential candidate Scott Walker speaks during the Faith and Freedom Coalition Dinner at the Iowa State Fairgrounds in Des Moines on Saturday, September 19, 2015. (Photo: Brian Powers/The Register) Buy Photo \n \nWisconsin Gov. Scott Walker said shutting down the government is not\u00a0necessary to defund Planned Parenthood, saying a House and Senate majority could achieve that instead. \n    \nAt the Iowa Faith and Freedom Coalition Dinner, Walker acknowledged the frustrations some Republicans feel about the inaction in\u00a0Washington regarding abortion. Instead of shutting down the government, he said the House and Senate could get a majority vote of 51 and pass a spending bill that defunds Planned Parenthood.", "source": "Bayou Buzz"}