{"published": "2015-09-11T12:00:00Z", "media-type": "News", "title": "CA (CA) Trading Near $28.09 Resistance Level", "id": "397c1584-6a97-4ccd-971a-9c77531010c1", "content": "After Thursday\u2019s trading in CA Inc (CA) the algorithms behind MarketIntelligenceCenter.com's Artifical Intelligence Center picked out a trade that offers a 3.97% or 20.68% (for comparison purposes only), while providing 5.63% downside protection.\n\nThe trade is a Nov. '15 covered call at the $27.00 level for a net debit of about $25.97. The net debit is also the breakeven point for this trade.\n\nTechnical indicators for the stock have been bearish recently and support and resistance have been in the area of $26.99 and $28.09, respectively.", "source": "Market Intelligence Center"}