{"published": "2015-09-12T08:16:26Z", "media-type": "News", "title": "Shamrocks Rout Clay-Battelle, 45-6", "id": "0f3bbae4-c3a0-4180-98a6-0d8ac9e1248e", "content": "BARNESVILLE - After the first quarter ended it looked like it was going to be a defensive battle. Deadlocked at 0-0, the Barnesville offense picked up the ground attack and scored 20 second-quarter points as it went on to defeat Clay-Battelle, 45-6, Friday Night at Shamrock Stadium during Senior Night.", "source": "Intelligencer Wheeling News-Register"}