{"published": "2015-09-03T12:39:02Z", "media-type": "News", "title": "BAKER HUGHES : Announces Third Quarter 2015 Earnings", "id": "564ad663-40b8-41e6-9151-be6a793b7208", "content": "Release date- 02092015 - HOUSTON - Baker Hughes Incorporated (NYSE: BHI) announced today that it has scheduled to issue a news release detailing operational performance and earnings for the third quarter of 2015 before the market opens on Wednesday, October 21, 2015 . \n \nBaker Hughes is a leading supplier of oilfield services, products, technology and systems to the worldwide oil and natural gas industry. The company's 49,000 employees today work in more than 80 countries helping customers find, evaluate, drill, produce, transport and process hydrocarbon resources. \n \nFor more information on Baker Hughes , visit: www.bakerhughes.com \n \nInvestor Contact: \n \nAlondra Oteyza \n \nTel: +1.713.439.8822 \n \nEmail: alondra.oteyza@bakerhughes.com \n \nMedia Contact: \n \nMelanie Kania \n \nTel: +1.713.439.8303 \n \nEmail: melanie.kania@bakerhughes.com \n \n(c) 2015 Electronic News Publishing -, source ENP Newswire", "source": "4 Traders"}