{"published": "2015-09-17T15:37:04Z", "media-type": "Blog", "title": "Ultra Chlorella Extract \u272e Superfood Capsules Review #UltraChlorellaExtract", "id": "d9622974-7183-4ca9-be20-a10da9eed770", "content": "\u00a0Here's more about the product from the brand:\n100% ALL NATURAL in Easy-Swallow Veggie Caps\u2665 KEY: \u2605 This is NOT a Basic, Cheap Chlorella Powder or Tablet! \u2605 This is CONCENTRATED EXTRACT of the MOST POTENT, EFFECTIVE, HEALTHY COMPONENTS OF CHLORELLA. This means every potent Capsule will provide MAXIMUM RESULTS. NO additives, NO fillers, NO preservatives, NO artificial flavors or colors, ONLY RESULTS \u2605Are you ready to LOSE FAT Healthier and Easier?\nChlorella is scientifically proven to help reduce body fat percentage! YOU can shed those unwanted pounds FAST in an all natural, healthy way. Ultra Chlorella Extract does this by aiding in blood glucose regulation and absorbing toxins released during fat loss.\nDo you want to look and feel YOUNGER and HEALTHIER?\nUltra Chlorella Extract reduces oxidative stress which is responsible for the aging process by naturally increasing levels of healthy vitamin A, vitamin C and glutathione in your body.\nDo you want a HEALTHIER and stronger immune system?\nThe scientific Nutrition Journal published a studying showing the amazing ability of chlorella to stimulate healthy activity of the body's own natural immune system!\nDo you want to feel more ENERGETIC?\nUltra Chlorella Extract is arguably the BEST Superfood on the planet, having 10x more chlorophyll than spirulina! Reignite your cells natural mechanisms to run at peak efficiency giving you more energy!\nDo you want to LOWER YOUR CHOLESTEROL and BLOOD SUGAR?\nA study published in the Journal of Medicinal Food showed Chlorella in Ultra Chlorella Extract lowers cholesterol and blood glucose levels significantly.\nI was sent to review a bottle of 60 capsules of ultra chlorella extract. The capsules do not leave any aftertaste nor given upset stomach. What this supplement does is helps you lose fat, gain energy naturally without harmful ingredients. The supplement had increased my energy level very well, I no longer feel nor get fatigued during the day. This is a great supplement to gain energy without the jitters or shakes. I haven't noticed any weight loss yet. You can find ultra chlorella extract at\u00a0amazon\u00a0\n\nDisclosure: I was not compensated for this product however I did receive this product to try and review all opinions are my own and my differ from yours. In Accordance with the FTC's 16 CFR, Part 255:\"Guides Concerning the Use of Endorsements and Testimonials in Advertising", "source": "Welcome To Daisy's Reviews"}