{"published": "2015-09-24T14:32:59Z", "media-type": "News", "title": "Apple lists top 25 apps hit by malware", "id": "c996a28f-579b-4ffa-8647-1415caaf3293", "content": "Apple Inc. said the WeChat messaging app and car-hailing app DiDi Taxi were among the 25 most popular apps found to be infected with malicious software. \n \nApple had previously not disclosed which apps had been affected, although many had been identified by third parties. \n \nThe company said on Sunday it was cleaning up its App Store, after several cyber security firms reported a malicious program, dubbed XcodeGhost , that had been embedded in hundreds, possibly thousands, of apps. \n \nApple said it was working with developers to get the apps back on the App Store and was blocking new apps that contained the malware. \n \n\"We have no information to suggest that the malware has been used to do anything malicious,\" Apple said in its XcodeGhost Q&A Web page. \n \nOther impacted apps include Baidu Inc's Baidu Music app, the 58 Classified-Job, Used Cars, Rent, and a music app from Internet portal NetEase Inc. \n \nTencent Holdings Ltd is the owner of WeChat. \n \nThe company also said some of the affected apps could be fixed through updates. \n \nThe hackers targeted the App Store using a counterfeit version of Xcode \"toolkit,\" Apple's app-building software.", "source": "Goderich Signal-Star"}