{"published": "2015-09-25T02:19:44Z", "media-type": "Blog", "title": "Weather Weapons Exposed", "id": "b959d5b3-3730-4af4-b11c-b5497e4170ed", "content": "Weather Weapons Exposed Published on Sep 24, 2015\nLee Ann Mcadoo and Rob Dew talk about chemtrials, HAARP and the globalists weather weapon of choice. end September 25, 2015 - Posted by\tmosesman | GeoPolitics, Science & Technology\t| Chemtrails, Crime, genocide, Illuminati, New_World_Order, US, War, weather", "source": "Socio-Economics History Blog"}