{"published": "2015-09-03T17:44:33Z", "media-type": "Blog", "title": "Variations in cell programs control cancer and normal stem cells (SD & Nature)", "id": "718e57dd-9386-4bf3-893f-a25cdd8a12a5", "content": "In the breast, cancer stem cells and normal stem cells can arise from different cell types and tap into distinct yet related stem cell programs, according to researchers. The differences between these stem cell programs may be significant enough to be exploited by future therapeutics. See full news item here. See original article here.", "source": "Stu's Stem Cell Blog"}