{"published": "2015-09-18T19:22:00Z", "media-type": "News", "title": "Nathan Pacheco Has Been Confirmed To Perform In Miami At The Adrian Arsht Center On October 16", "id": "cd5b9168-d730-49ed-a573-f37bde52d913", "content": "MIAMI, Sept. 18, 2015 /PRNewswire/ -- Nathan Pacheco is confirmed to perform in the city of Miami at the Adrienne Arsht Center on October 16th.\n\nNathan Pacheco, American-Brazilian classically trained tenor born in the United States with a passion for music. In addition to being a television and recording artist, Nathan completed his debut solo tour in 2013. He has been featured globally in live performances, including touring the United States, Canada, and Mexico with Yanni; performing with Latin singing sensation Olga Ta\u00f1on; touring England, Scotland, and Wales with Katherine Jenkins and the National Symphony Orchestra; performing for Prince Charles in conjunction with the British Forces Foundation and the USO; and performing with the San Diego Symphony. PBS also aired the special \"Introducing Nathan Pacheco\" and \"Christmas with Nathan Pacheco\". He has been featured on multiple Yanni recordings, including the latest album Inspirato, where Nathan was featured alongside Pl\u00e1cido Domingo, Ren\u00e9e Fleming, and other opera stars.\n\nBoth his albums registered as top ordered classical/crossover on iTunes and Amazon. Pacheco's music will thrill and fill the hearts of music lovers alike.\n\nFor interviews contact\n\nDream Team Agency at [email protected] , 786-683-6749To view the original version on PR Newswire, visit:http://www.prnewswire.com/news-releases/nathan-pacheco-has-been-confirmed-to-perform-in-miami-at-the-adrian-arsht-center-on-october-16-300145717.html\n\nSOURCE Nathan Pacheco", "source": "Sys-Con Australia"}