{"published": "2015-09-23T15:51:52Z", "media-type": "News", "title": "UC alumnus and marriage equality advocate Jim Obergefell to speak at UC.", "id": "9569cf91-8d06-4a38-821d-c9a3631ec7ff", "content": "Supreme Court Plaintiff, Marriage Equality Activist Jim Obergefell to Speak at UC \n\r\n\t\t\tUniversity of Cincinnati alumnus Jim Obergefell will visit the university Sept. 24 to speak about the journey that took him from a federal courtroom in Cincinnati all the way to the Supreme Court in Washington, D.C.\r \n\n\u00a0\u00a0\n\t\tOn June 26, 2015, the landmark Supreme Court ruling on the Obergefell v. Hodges case impacted the entire nation.\u00a0 \nThis prompted #LoveWins to begin trending, celebration within the LGBTQ communities across the nation, and visceral reactions from Americans.\u00a0 \n \nBut this case has a personal tie to the city of Cincinnati, and what does the man who was actually involved in it have to say? \n \nJim Obergefell, the case\u2019s plaintiff, is a Cincinnatian, and is coming to the university to speak about the journey that took him from a federal courtroom in Cincinnati all the way to the Supreme Court in Washington, D.C.\u00a0 \n \nObergefell\u2019s panel will take place at 12:15 p.m., Thursday, Sept. 24, in UC\u2019s College of Law.\u00a0 \n \nThis event was made possible by the American Constitution Society at the University of Cincinnati College of Law and Out and Allies. \n \nThis event takes place on Thursday, Sept. 24 from 12:15-1:15 p.m. in Room 114 of UC\u2019s College of Law. Admission will be on a first come, first served basis. Free snacks will be available.\u00a0", "source": "University of Cincinnati"}