{"published": "2015-09-15T03:30:08Z", "media-type": "News", "title": "WA Premier pleads for federal stability", "id": "4a394c35-1d60-4c81-bb95-e183ba4ff911", "content": "Ongoing instability in Australian federal politics has been extremely damaging to the nation's reputation in the Asia Pacific region, according to West Australian Premier Colin Barnett. \n\nMr Barnett congratulated Prime Minister Designate Malcolm Turnbull, who he described as a friend, and appealed for consistent leadership, following a \"brutal\" 24 hours in Australian politics. \n\n\"To topple an elected and serving Prime Minister in his first year of office is not something to be proud of,\" Mr Barnett said on Tuesday.", "source": "Prime 7"}