{"published": "2015-09-30T11:25:09Z", "media-type": "News", "title": "Google Pixel C Android Tablet Announced", "id": "29f5e3cd-5210-416a-9f1a-871bc9ab099c", "content": "Google has announced its new tablet, the Google Pixel C and the device comes with a 10.2 inch display that has a resolution of 2560 x 1800 pixels. This new Android tablet is powered by a NVIDA Tegra X1 processor and it comes with 3GB of RAM, there is also a choice of 32 or [\u2026]\r\n\r\n\r\n\r\n(Read More ...)\r\n\r\n\r\n\r\n\r\n\r\n\r\n\r\n\r\n\r\n(C) Copyright 2007-2015 Geeky Gadgets. Republishing of this feed is forbidden without our written\u2026 \r \nGoogle has announced its new tablet, the Google Pixel C and the device comes with a 10.2 inch display that has a resolution of 2560 x 1800 pixels. \n\nThis new Android tablet is powered by a NVIDA Tegra X1 processor and it comes with 3GB of RAM, there is also a choice of 32 or 64GB of built in storage. \n\nThe Google Pixel C comes with Android 6.0 Marshmallow and it features a USB Type-C connector and it comes with an optional keyboard which connects to the device via magnets. \n\nPrices for the Pixel C start at $499\u2026", "source": "MyInforms"}