{"published": "2015-09-12T03:34:37Z", "media-type": "News", "title": "Arsenal and Tottenham to go head to head.", "id": "d7717984-336c-4c10-a6bc-38ba1b259cf1", "content": "Saturday, September 12, 2015 04:34 AM. \r \n  \nIt has been said that Arsenal and Tottenham will be going head to head to land the signature of FC Basel star Breel Embolo. \n \nBut it has been said that both clubs also face competition from West Ham United who are also wanted to sign the youngster in January. \n \nHowever it has been said that the youngster is not wanting to leave Basel just yet as he is wanting to continue his development with the club. \n \n\u201cI decided for FC Basel,\u201d Embolo said. \n \n\u201cI did not want to go away at last minute away because I want to develop myself here.\u201d", "source": "Backpageheadlines.com"}