{"published": "2015-09-30T23:51:30Z", "media-type": "News", "title": "Newcrest sells balance stake in Evolution", "id": "abc0a1a9-edba-4d67-9069-ce6ce3799377", "content": "AUSTRALIA'S largest gold miner Newcrest Mining has sold off its remaining stake in rival gold producer Evolution. NEWCREST said it has netted $125 million from the sale since June 30, and has used the proceeds to pay down debt.\n\nThe miner had previously sold down more than half of its 32 per cent stake in Evolution, in February for $106 million.", "source": "Northern Territory News"}