{"published": "2015-09-21T04:00:00Z", "media-type": "Blog", "title": "'Our Man in Havana' covers Pope's historic visit", "id": "f120caf3-003f-4f20-a66d-8285c37f22e9", "content": "Florida Keys News\rMonday, September 21, 2015\r'Our Man in Havana' covers Pope's historic visit\rBY Kay Harris Key West Citizen\nHAVANA \u2014 Key West Citizen photographer Rob O'Neal, also known as \"Our Man in Havana,\" publishing weekly snapshots of life in Cuba, visited our nearest neighbor this weekend to capture various moments with Pope Francis.\nO'Neal said the trip was \"grueling but totally rewarding,\" speaking from Havana on Sunday. \"This is the biggest thing I've ever done,\" he said, as covering the...\nFor the complete article, please pick up a copy of The Citizen for this day\u00a0or purchase\u00a0this day's\u00a0electronic edition at http://secure.floridakeys.com/keysnews/enews.\u00a0Home Delivery\u00a0&\u00a0Electronic Edition subscibers\u00a0to The Citizen may access this article, once logged in to keysnews.com, at no charge. If you forget your password, please call us at 305-292-7777, ext. 4. Tweet\rMore Florida Keys Headlines Former mayor to learn his fate Monday, September 21, 2015 City leaders to set tax rate in meeting Monday, September 21, 2015 Murderer to be sentenced Monday, September 21, 2015 Reality star nabbed in multiple drug cases Sunday, September 20, 2015 FKAA board to discuss residency issues at next meeting Sunday, September 20, 2015 MENU Sunday, September 20, 2015 Available Only in the Electronic Edition City not done with sightseeing franchise law Sunday, September 20, 2015 - Cops nab boat theft suspect on high seas Saturday, September 19, 2015 - FKAA: Shallow wells are safe Friday, September 18, 2015 - County cold on satellite campus spot Thursday, September 17, 2015 - HARC ruling on 616 Eaton St. upheld Wednesday, September 16, 2015 - FKCC seeks vacant land for new campus Wednesday, September 16, 2015 -", "source": "KeysNews.com -"}