{"published": "2015-09-26T22:10:03Z", "media-type": "Blog", "title": "RainnWilson tweeted: Will you watch this, please? It\u2019s 2 minutes long. @LIDEHaiti", "id": "2ad804e7-ed90-4b81-8d36-b713a71683b8", "content": "\u00a0 Popular in your network RainnWilson\u00a0\u00a0@rainnwilson \u00a0 Will you watch this, please? It's 2 minutes long. @LIDEHaiti YouTube View on Twitter Reg Saddler\u00a0@zaibatsu \u00a0 Switzerland Bans #VW Car Sales Over Emissions: news.sky.com/story/1559195/\u2026 #cars View on Twitter JustJared.com\u00a0\u00a0@JustJared \u00a0 #Quantico star @priyankachopra reveals how her character is a little like Jack Bauer: jus.tj/t8h View on Twitter Jeannie Gaffigan\u00a0\u00a0@jeanniegaffigan \u00a0 LIVE on #Periscope: Pope-a-scope #philly periscope.tv/w/aNbZeTc2Njg5\u2026 View on Twitter Mental Floss\u00a0\u00a0@mental_floss \u00a0 A 1990s Cartoon-Inspired Art Show is Coming to Brooklyn \u2014 bit.ly/1gXBTyh View on Twitter Patently Apple\u00a0@PatentlyApple \u00a0 One of the Most Compelling Legal Cases Filed against Apple in Years was filed Yesterday bit.ly/1MPUmek View on Twitter Settings \u00a0|\u00a0 Help \u00a0|\u00a0 Opt-out This email was generated for @jkm888888. Twitter, Inc. 1355 Market Street, Suite 900 San Francisco, CA 94103", "source": "My Share"}