{"published": "2015-09-01T20:43:00Z", "media-type": "News", "title": "Argentina forces out 2 HSBC Argentina president, VP, gives 24 hours to name replacements", "id": "fdc00895-269f-41ee-9931-f8545b3b7385", "content": "The bank cited current HSBC Argentina president Gabriel Martino's alleged failure to establish the necessary controls to prevent money laundering and financing of terrorism as the reason for the decision. \n\nIndustries: Bank \nReferenced Companies: HSBC Bank Argentina SA (SNL Inst. Key: 4251597), Central Bank of Argentina (SNL Inst. Key: 4401035), (HSBA) HSBC Holdings (SNL Inst. Key: 113876)", "source": "SNL Financial"}