{"published": "2015-09-04T07:50:05Z", "media-type": "Blog", "title": "Professional Movers Serving Oakland", "id": "c4cf1da2-8197-45a1-bd5f-1866d212ca88", "content": "TCWRC Moving is a full service moving and storage company provider in 94659. Moving is stressful, but it doesn\u2019t have to be. When you choose TCWRC Moving California, you can feel at ease. Whatever your moving needs are, we are ready to help you 24 hours a day, 7 days a week. \n \nToday TCWRC Moving California has grown into California\u2019s top residential moving company provider. We\u2019re helping to relocate many of businesses and thousands of families each year. \n \nWe realize how priceless your belongings are to you, when you hire a professional mover it means your estimate will be guaranteed, your belongings will be kept safe, and your shipment will arrive on time. \n \nWhen you hire a moving professional recommended by TCWRC Moving CA, know that you are getting the top in the moving industry. Whether it\u2019s a little studio or a large corporation, you can lean on the moving professionals throughout the total moving process. \n \nWhether you need a local or a long distance mover, TCWRC Moving Oakland can connect you with the acclaimed moving companies in your area. We work with pre-screened, licensed and insured movers, including major van lines and small local moving companies. By filling out our free moving quote form, you\u2019ll be contacting some of the best movers in your area with a single click of a button. \n \nResponsible Movers Serving Oakland \n \nOakland, CA 94611 \n \n(510) 473-3594 \n \nProfessional Movers Serving Oakland is a post from: SF Green Movers", "source": "SF Green Movers"}