{"published": "2015-09-16T17:15:00Z", "media-type": "News", "title": "Henderson, Nevada www.Wasatch-Contract-Manufacturing.com News: Utah \"Wasatch Labs\" Awarded \"Best-of-the-State\" for Best Professionalism of Anti-Aging Serum Being Sold Into Retail and M-L-M Channels", "id": "0dcf19d9-e65b-4b6a-9eb3-865a7e8fa00c", "content": "Henderson, NV -- (SBWIRE) -- 09/16/2015 -- Wasatch Product Development is focused on providing the most responsive and flexible service in the industry and has a diverse clientele ranging from leading global companies to virtual and emerging entities. With unmatched technical expertise, innovative equipment and regulatory knowledge, Wasatch maintains a demonstrated record with the FDA as well as with its customers; many of whom have outsourced with the company for over ten years.", "source": "RCL Advisors"}