{"published": "2015-09-08T23:51:09Z", "media-type": "News", "title": "Search for prospector family in WA (AAP)", "id": "4fb3b88d-4000-4a11-bb77-8008358fe6d7", "content": "A search is underway for a family of prospectors missing in a remote part of Western Australia. \n\nA 65-year-old man, his 66-year-old wife and their son, 33, left their Boddington home on Wednesday last week to travel to Windsor Station in the state's Mid West and were last seen in Mt Magnet two days later. \n\nThey failed to return home on Sunday as expected, sparking an aerial search on Tuesday at Windsor Station near Mt Magnet and Sandstone. \n\nAn aerial and land search for the three is resuming on Wednesday.", "source": "Yahoo! News Australia"}