{"published": "2015-09-13T15:18:35Z", "media-type": "News", "title": "We REALLY want to take a ride in the plane designed to look like this famous Star Wars character", "id": "d223a117-9f3f-4c83-9e83-64dad99eb47d", "content": "Flying on an airplane is pretty exciting no matter what, but you know what\u2019s even better? When you roll up to the...\nThe post appeared first on\u2026 \r \nRachel Paige / September 13, 2015 8:09 am \n\nFlying on an airplane is pretty exciting no matter what, but you know what\u2019s even better? When you roll up to the terminal and see that your plane is actually cool and colorful. It doesn\u2019t happen all the time, but every now and then an airline will give a pretty awesome makeover to one of its fleet, and then you\u2019re flying high in the sky in style. Now, ANA Airlines has just unveiled the best decorated planes to date: they\u2019ve got Star Wars planes, you guys. \n\nANA Airlines is a Japanese airline, so if we want to fly inside a giant plane decorated like R2D2, we\u2019ve sadly got to fly to Japan first to then fly on R2D2. But listen, it\u2019ll be worth it. The Boeing 787-9 Dreamliner has been wrapped in an R2D2 image, not just some small R2 figure in the backseat of an X-Wing. Just bear in mind the plane is designed to take you to your vaca\u2026", "source": "MyInforms"}