{"published": "2015-09-19T14:11:33Z", "media-type": "News", "title": "URGENT \u2013 Boston Baby Doe Punched", "id": "dc8f9fc8-a3e2-47a6-9314-faf7d201d1b4", "content": "(CNN) \u2014 Michael McCarthy, a man arrested in connection with the death of Boston toddler Bella Bond, is alleged to have punched the 2-year-old because he thought the child was possessed, a law enforcement source involved in the investigation told CNN on Saturday. It is unclear whether the punches killed the baby. McCarthy is the boyfriend of Bella\u2019s mother. Bella\u2019s body was found a trash bag on a rocky shoreline in Boston Harbor in June, and authorities initially referred to her as \u201cBaby Doe\u201d because her identity was unknown until authorities received a tip this week.", "source": "Classic Hits 99.3 The Eagle"}