{"published": "2015-09-03T13:50:00Z", "media-type": "News", "title": "BRIEF-Srei Infrastructure Finance says SEZ set up by Attivo Economic Zone Pvt Ltd", "id": "c6bfe2d5-998d-42d6-836e-c7260ee1106c", "content": "Sept 3 (Reuters) - Srei Infrastructure Finance: \n\n * Srei Infrastructure Finance - the project is financed by srei\ninfrastructure finance ltd \n * Srei Infrastructure Finance - sez in alibaug is being set up\nby attivo economic zone (mumbai) pvt ltd\n * Srei Infrastructure Finance - attivo has yet to firm up plans\nfor development of the project\n * Srei Infrastructure Finance - investment plans, funding\noptions for project yet to be firmed up by attivo \n \nSource Text: http://bit.ly/1JQ1q3r\n\n (Reporting by Shrutee Sarkar in Bengaluru)\n )", "source": "Sify"}