{"published": "2015-09-18T20:20:00Z", "media-type": "News", "title": "Watercolor demo highlights fall Hudson Society of Artist's meeting", "id": "3f35d72e-777d-4e04-9862-0650a47b77e8", "content": "The Hudson Society of Artist's first fall meeting is Sept. 21 at 7:30 p.m. Bob Moyer will give a watercolor figure painting demonstration. Moyer is a watercolor teacher and gives workshops for the Cliffside Artists Collaborative. \n \nMeetings are at the Barlow Community Center, 41 Oviatt St. in Hudson on the first and third Mondays of the month at 7:30 p.m. Visitors are always welcome and single and family memberships are now being accepted.", "source": "Aurora Advocate"}