{"published": "2015-09-08T10:29:33Z", "media-type": "News", "title": "Tanmiyat Global launches twin tower development in Dubailand", "id": "c529dadf-53c7-42b7-85c8-0cdb417c82f0", "content": "Gulf Business \u00bb UAE - 9/8/2015 2:27:56 PM - GMT (+4 )  \r  \nThe Skyline Towers comprise of 34 floors and will become Dubailand\u2019s tallest structure when completed in 2018 \n \nThe post Tanmiyat Global launches twin tower development in Dubailand appeared first on Gulf Business . \n\nread more", "source": "UAE NewsApp.com"}