{"published": "2015-09-08T18:13:51Z", "media-type": "News", "title": "Packers reunite with WR James Jones", "id": "89b1a584-d066-47fa-90aa-48738a43b5c9", "content": "Wide receiver James Jones is back with the . Jones last played for the Packers in 2013, when he had 59 receptions for 817 yards.\n\nHe was a free agent after that season and signed a three-year, $10 million deal with the Oakland Raiders. But the Raiders cut him after one season.\n\nThe New York Giants signed Jones in July, but they released him on Saturday.\n\nOn Monday, the Packers announced they signed Jones, who is entering his ninth NFL season.\n\nThe Packers need help at the position after Jordy Nelson suffered a season-ending knee injury in the first preseason game.\n\nTo make room for Jones, the Packers released wide receiver Myles White.\n\nThe Packers also signed nine players to the practice squad: wide receiver Jared Abbrederis, linebacker Carl Bradford, running back John Crockett, cornerback Robertson Daniel, tight end Justin Perillo, defensive tackle Christian Ringo, guard Matt Rotheram, linebacker James Vaughters and tackle Jeremy Vujnovich.\n\nDistributed by LAKANA and The Sports Xchange. This material may not be published, broadcast, rewritten or redistributed.", "source": "KCRA.com"}