{"published": "2015-09-10T20:05:56Z", "media-type": "News", "title": "5 people, including 3 kids, found dead in Minnesota home", "id": "3e37b08b-c71d-4c16-9362-cf5f02f695d7", "content": "Police say five people, including three children, are dead in a home in a western Minneapolis suburb in an apparent murder-suicide. \n \nSouth Lake Minnetonka Police Chief Mike Siitari tells KSTP-TV that police were called to the home when no one was seen or heard from for several days. Siitari says the children did not show up for school this week. \n  Copyright \u00a9 2015, The Morning Call", "source": "Morning Call"}