{"published": "2015-09-20T11:30:59Z", "media-type": "News", "title": "Inmate dies in Tulsa County cell", "id": "ffeae066-8663-4d4b-9423-c2c483159492", "content": "TULSA, Okla. \u2014 \n\nQuick facts: \nAn inmate was found dead in a Tulsa County jail cell Saturday. Officials have not released his name. \nTulsa County sheriff\u2019s investigators are trying to learn more about an inmate found dead in a cell Saturday afternoon. \n\nA jail worker discovered the 54-year-old inmate unresponsive just before 4:30 p.m. \n\nFirst responders performed CPR, but the man died. \n\nHis name has not been released. \n\nSheriff\u2019s officials say there were no signs of trauma. \n\nThe medical examiner\u2019s office is performing an autopsy.", "source": "Fox 23 Oklahoma"}