{"published": "2015-09-27T05:55:44Z", "media-type": "Blog", "title": "DoD Confirms US-Trained Fighters in Syria Gave Arms to Nusra Front Militants", "id": "f6185a52-a145-415c-a53e-da16eac97c09", "content": "A spokesman for the Pentagon has confirmed that Syrian rebel fighters trained by the United States provided ammunition and equipment to an al-Qaeda-linked group. \nView full post on Infowars \n \nThe post DoD Confirms US-Trained Fighters in Syria Gave Arms to Nusra Front Militants appeared first on PUBLIK NEW SENSE .", "source": "PUBLIK NEW SENSE"}