{"published": "2015-09-30T20:50:01Z", "media-type": "News", "title": "Saraki confirms receipt of ministerial nominees to Senate", "id": "5a9a5e20-f833-47ec-ad30-7a8fe45b103e", "content": "By Ikechukwu Okaforadi\n\n \n\nThe Chief of Staff to President Mohammadu Buhari Lawal Kyari and the Special Adviser to the President on National Assembly matters Ita Enang yesterday evening submitted the first batch of President Mohammadu Buhari\u2019s ministerial nominees to the Senate President Bukola Saraki\n\n \n\nIn a twitter message by the Senate President he acknowledged the receipt of the list as at exactly 520pm yesterday even though no further details was made by him on those in the list\n\n \n\n\u201cI can confirm that I just received the list of ministerial nominees from President Mohammadu Buhari\u201d Saraki\u2019s twitter handle said\n\n \n\nHe had earlier twitted by 400pm during the waiting game for the ministerial nominees that he had yet to receive the list as at that time\n\n \n\nHowever earlier during the plenary the Peoples Democratic Party PDP senators had lamented that the President was keeping the nation in endless wait\n\n \n\nPresident Buhari had during his visit to United States of America in July told journalists that he will name his cabinet members in September a promise he further repeated in Ghana early last month that Nigerians will know his ministers by the end of September\n\n \n\nBut when the list was not received as at yesterday plenary session of the Senate the Peoples Democratic Party PDP senators through the Minority LeaderGodswill Akpabio  Akwa Ibom North West sought clarification\n\n \n\nAkpabio who came through a point of order under matter of urgent importance asked the Senate President  Bukola Saraki on why he did not announce any communication from the President on ministerial nominees as widely expected and in line with the President\u2019s promise\n\n \n\nHe noted that the nation\u2019s newspapers in the last couple of weeks have been awash with stories of ministerial appointments by the president and further asked the Senate President why he received the list from President Buhari and was hiding it from his colleagues\n\n \n\nAs Saraki attempted to answer Akpabio\u2019s question Deputy Senate LeaderIbn Bala Na\u2019AllahAPCKebbi South raised another point of order upon which he explained that the day was still young saying since the day\u2019s session ends by 1230pm there was still the hope that the president would transmit the list of ministerial nominees to the Upper Chamber before the close of the session\n\n \n\nHe also said since the day ends by 1159pm there was still hope that the list could come before the time\n\n \n\nThe Senate President however ruled Akpabio out of order \n\n \n\nMaking further clarifications later on the much expected list to journalists the Chairman Senate\u2019 Ad Hoc Committee on Media and Publicity Dino Melaye  APC Kogi West said the news making the rounds that the list has been received by the Senate President was untrue\n\n \n\n\u201cAs far as the Senate is concerned the much expected ministerial list  has not been received \u201d  he said\n\n \n\nHe however added that the list will definitely be received by the Senate President  Bukola Saraki before the next Senate \u2018s plenary session next week Tuesday and will be thoroughly and expeditiously considered\n\n \n\n\u201cWe want to announce that we are still waiting for the ministerial list from Mr president and I want to advise that their is no need for agitation as September expires by 12 mid night today\n\n \n\n\u201cWe want to assure Nigeria that as soon as we get possession of this list we will communicate same to Nigerians through the National assembly press Corp\n\n \n\n\u201cOnce again we want to reassure Nigeria again that we will attend to the ministerial nominees expeditiously but diligently\n\n\u201cDue process will be followed and I repeat that it is not going to be business as usual we are going to properly screen all nominees and only those who meet the constitutional and moral requirements shall be cleared\u201d he said", "source": "Uncova"}