{"published": "2015-09-03T11:11:47Z", "media-type": "News", "title": "Need to Know: Time for Europe to glitter and lift stocks worldwide", "id": "5ff9dcfa-7299-4bf9-8bc9-cf40215edb71", "content": "Investors look poised to spend much of the day interpreting the latest gems from the European Central Bank. Also in focus are Europe\u2019s migrant crisis, Tesla\u2019s next car and whether investors should be buying the dip again. \n \n\nRead the full article here . \nThis content was originally published by MarketWatch . Original publishers retain all rights. It appears here for a limited time before automated archiving. \r By \nShare this", "source": "Global Advisors"}