{"published": "2015-09-22T13:40:37Z", "media-type": "Blog", "title": "Sonic: Half Price Ice Cream Cones on 9/23", "id": "38c4b6d0-9127-4644-9078-6451f3bd664c", "content": "Tomorrow only, 9/23, Sonic is running a special on ice cream \u2013 get them 1/2 price all day today! \n \nYou don\u2019t need a coupon for this, and it\u2019s going on throughout the day. \u00a0Find out more info on the Sonic Facebook Page here ! \n \n\u00a0 \n \nCheck out more restaurant coupons and deals! \n \nThe post Sonic: Half Price Ice Cream Cones on 9/23 appeared first on Time 2 Save Workshops .", "source": "Time 2 Save Workshops"}