{"published": "2015-09-09T11:46:28Z", "media-type": "News", "title": "Cargo Operator at Edwin Drake", "id": "f9cd34f9-0542-415b-a9cd-85c196d8d91d", "content": "Edwin Drake is an Oil and Energy recruitment consultancy born from the desire to create a consultancy specifically focused on the Oil & Gas industry in Sub-Saharan Africa; driven by recruitment professionals with successful careers within the region. We are part of a multi-national group of Recruitment Companies, who like us all individually specialise in ......", "source": "DangoteNews.com"}