{"published": "2015-09-10T04:00:00Z", "media-type": "Blog", "title": "Munster ready for Storm\u2019s surge into finals", "id": "07d4b833-157a-476c-bc94-679653f21967", "content": "MELBOURNE Storm star Jesse Bromwich says the big occasion will not overwhelm \npromising young fullback Cameron Munster at Allianz Stadium. \nRead the entire article . \n Sign Up to IAS Bet and get a $100 Free Bet!   \n\u00a9  for Oze Rugby , 2015. | Munster ready for Storm\u2019s surge into finals | No comment", "source": "Oze Rugby"}